/*
 Navicat Premium Data Transfer

 Source Server         : myDB
 Source Server Type    : MySQL
 Source Server Version : 50719
 Source Host           : localhost:3306
 Source Schema         : test

 Target Server Type    : MySQL
 Target Server Version : 50719
 File Encoding         : 65001

 Date: 21/03/2019 15:28:13
*/

SET NAMES utf8mb4;
SET FOREIGN_KEY_CHECKS = 0;

-- ----------------------------
-- Table structure for award
-- ----------------------------
DROP TABLE IF EXISTS `award`;
CREATE TABLE `award` (
  `award_id` int(8) NOT NULL AUTO_INCREMENT,
  `team_id` int(8) NOT NULL,
  `player_id` int(8) NOT NULL,
  `award_date` datetime NOT NULL,
  `season_age` int(8) NOT NULL,
  `season` int(8) NOT NULL,
  PRIMARY KEY (`award_id`) USING BTREE
) ENGINE=InnoDB AUTO_INCREMENT=4581 DEFAULT CHARSET=utf8 COLLATE=utf8_bin;

-- ----------------------------
-- Records of award
-- ----------------------------
BEGIN;
INSERT INTO `award` VALUES (3436, 56, 282, '1985-04-14 00:00:00', 6, 1985);
INSERT INTO `award` VALUES (3437, 41, 283, '1985-04-07 00:00:00', 2, 1985);
INSERT INTO `award` VALUES (3438, 48, 284, '1985-04-01 00:00:00', 5, 1985);
INSERT INTO `award` VALUES (3439, 46, 285, '1985-03-24 00:00:00', 15, 1985);
INSERT INTO `award` VALUES (3440, 59, 286, '1985-03-17 00:00:00', 5, 1985);
INSERT INTO `award` VALUES (3441, 44, 287, '1985-03-10 00:00:00', 4, 1985);
INSERT INTO `award` VALUES (3442, 38, 288, '1985-03-03 00:00:00', 2, 1985);
INSERT INTO `award` VALUES (3443, 45, 289, '1985-02-24 00:00:00', 3, 1985);
INSERT INTO `award` VALUES (3444, 46, 290, '1985-02-17 00:00:00', 5, 1985);
INSERT INTO `award` VALUES (3445, 58, 291, '1985-02-03 00:00:00', 2, 1985);
INSERT INTO `award` VALUES (3446, 57, 292, '1985-01-27 00:00:00', 9, 1985);
INSERT INTO `award` VALUES (3447, 66, 293, '1985-01-20 00:00:00', 0, 1985);
INSERT INTO `award` VALUES (3448, 64, 294, '1985-01-13 00:00:00', 9, 1985);
INSERT INTO `award` VALUES (3449, 60, 295, '1985-01-06 00:00:00', 3, 1985);
INSERT INTO `award` VALUES (3450, 56, 282, '1984-12-30 00:00:00', 6, 1985);
INSERT INTO `award` VALUES (3451, 61, 296, '1984-12-23 00:00:00', 2, 1985);
INSERT INTO `award` VALUES (3452, 41, 283, '1984-12-16 00:00:00', 2, 1985);
INSERT INTO `award` VALUES (3453, 66, 297, '1984-12-09 00:00:00', 3, 1985);
INSERT INTO `award` VALUES (3454, 50, 298, '1984-12-02 00:00:00', 7, 1985);
INSERT INTO `award` VALUES (3455, 69, 299, '1984-11-25 00:00:00', 7, 1985);
INSERT INTO `award` VALUES (3456, 70, 300, '1984-11-18 00:00:00', 8, 1985);
INSERT INTO `award` VALUES (3457, 48, 301, '1984-11-11 00:00:00', 8, 1985);
INSERT INTO `award` VALUES (3458, 54, 302, '1984-11-04 00:00:00', 3, 1985);
INSERT INTO `award` VALUES (3459, 58, 291, '1986-04-13 00:00:00', 3, 1986);
INSERT INTO `award` VALUES (3460, 65, 303, '1986-04-06 00:00:00', 4, 1986);
INSERT INTO `award` VALUES (3461, 70, 304, '1986-03-30 00:00:00', 1, 1986);
INSERT INTO `award` VALUES (3462, 44, 305, '1986-03-23 00:00:00', 9, 1986);
INSERT INTO `award` VALUES (3463, 59, 286, '1986-03-16 00:00:00', 6, 1986);
INSERT INTO `award` VALUES (3464, 46, 290, '1986-03-09 00:00:00', 6, 1986);
INSERT INTO `award` VALUES (3465, 70, 304, '1986-03-02 00:00:00', 1, 1986);
INSERT INTO `award` VALUES (3466, 61, 306, '1986-02-23 00:00:00', 6, 1986);
INSERT INTO `award` VALUES (3467, 59, 286, '1986-02-16 00:00:00', 6, 1986);
INSERT INTO `award` VALUES (3468, 48, 301, '1986-02-02 00:00:00', 9, 1986);
INSERT INTO `award` VALUES (3469, 70, 304, '1986-01-26 00:00:00', 1, 1986);
INSERT INTO `award` VALUES (3470, 59, 286, '1986-01-19 00:00:00', 6, 1986);
INSERT INTO `award` VALUES (3471, 48, 284, '1986-01-12 00:00:00', 6, 1986);
INSERT INTO `award` VALUES (3472, 53, 307, '1986-01-05 00:00:00', 2, 1986);
INSERT INTO `award` VALUES (3473, 58, 291, '1985-12-29 00:00:00', 3, 1986);
INSERT INTO `award` VALUES (3474, 54, 302, '1985-12-22 00:00:00', 4, 1986);
INSERT INTO `award` VALUES (3475, 42, 308, '1985-12-15 00:00:00', 1, 1986);
INSERT INTO `award` VALUES (3476, 57, 309, '1985-12-08 00:00:00', 4, 1986);
INSERT INTO `award` VALUES (3477, 59, 286, '1985-12-01 00:00:00', 6, 1986);
INSERT INTO `award` VALUES (3478, 48, 301, '1985-11-24 00:00:00', 9, 1986);
INSERT INTO `award` VALUES (3479, 69, 310, '1985-11-17 00:00:00', 0, 1986);
INSERT INTO `award` VALUES (3480, 56, 311, '1985-11-10 00:00:00', 4, 1986);
INSERT INTO `award` VALUES (3481, 41, 283, '1985-11-03 00:00:00', 3, 1986);
INSERT INTO `award` VALUES (3482, 70, 312, '1987-04-19 00:00:00', 14, 1987);
INSERT INTO `award` VALUES (3483, 66, 293, '1987-04-12 00:00:00', 2, 1987);
INSERT INTO `award` VALUES (3484, 46, 290, '1987-04-05 00:00:00', 7, 1987);
INSERT INTO `award` VALUES (3485, 38, 313, '1987-03-29 00:00:00', 6, 1987);
INSERT INTO `award` VALUES (3486, 46, 290, '1987-03-22 00:00:00', 7, 1987);
INSERT INTO `award` VALUES (3487, 44, 314, '1987-03-15 00:00:00', 1, 1987);
INSERT INTO `award` VALUES (3488, 46, 290, '1987-03-08 00:00:00', 7, 1987);
INSERT INTO `award` VALUES (3489, 66, 293, '1987-03-01 00:00:00', 2, 1987);
INSERT INTO `award` VALUES (3490, 57, 300, '1987-02-22 00:00:00', 10, 1987);
INSERT INTO `award` VALUES (3491, 46, 290, '1987-02-15 00:00:00', 7, 1987);
INSERT INTO `award` VALUES (3492, 48, 315, '1987-02-01 00:00:00', 4, 1987);
INSERT INTO `award` VALUES (3493, 48, 301, '1987-01-25 00:00:00', 10, 1987);
INSERT INTO `award` VALUES (3494, 47, 316, '1987-01-18 00:00:00', 2, 1987);
INSERT INTO `award` VALUES (3495, 60, 295, '1987-01-11 00:00:00', 5, 1987);
INSERT INTO `award` VALUES (3496, 59, 286, '1987-01-04 00:00:00', 7, 1987);
INSERT INTO `award` VALUES (3497, 69, 310, '1986-12-28 00:00:00', 1, 1987);
INSERT INTO `award` VALUES (3498, 46, 290, '1986-12-21 00:00:00', 7, 1987);
INSERT INTO `award` VALUES (3499, 58, 291, '1986-12-14 00:00:00', 4, 1987);
INSERT INTO `award` VALUES (3500, 50, 317, '1986-12-07 00:00:00', 5, 1987);
INSERT INTO `award` VALUES (3501, 64, 318, '1986-11-30 00:00:00', 0, 1987);
INSERT INTO `award` VALUES (3502, 42, 308, '1986-11-23 00:00:00', 2, 1987);
INSERT INTO `award` VALUES (3503, 59, 319, '1986-11-16 00:00:00', 9, 1987);
INSERT INTO `award` VALUES (3504, 66, 293, '1986-11-09 00:00:00', 2, 1987);
INSERT INTO `award` VALUES (3505, 44, 314, '1988-04-24 00:00:00', 2, 1988);
INSERT INTO `award` VALUES (3506, 48, 315, '1988-04-17 00:00:00', 5, 1988);
INSERT INTO `award` VALUES (3507, 47, 320, '1988-04-10 00:00:00', 1, 1988);
INSERT INTO `award` VALUES (3508, 66, 293, '1988-04-03 00:00:00', 3, 1988);
INSERT INTO `award` VALUES (3509, 66, 293, '1988-03-27 00:00:00', 3, 1988);
INSERT INTO `award` VALUES (3510, 70, 304, '1988-03-20 00:00:00', 3, 1988);
INSERT INTO `award` VALUES (3511, 53, 307, '1988-03-13 00:00:00', 4, 1988);
INSERT INTO `award` VALUES (3512, 44, 321, '1988-03-06 00:00:00', 4, 1988);
INSERT INTO `award` VALUES (3513, 45, 322, '1988-02-28 00:00:00', 1, 1988);
INSERT INTO `award` VALUES (3514, 44, 323, '1988-02-21 00:00:00', 3, 1988);
INSERT INTO `award` VALUES (3515, 58, 291, '1988-02-14 00:00:00', 5, 1988);
INSERT INTO `award` VALUES (3516, 57, 299, '1988-01-31 00:00:00', 10, 1988);
INSERT INTO `award` VALUES (3517, 66, 293, '1988-01-24 00:00:00', 3, 1988);
INSERT INTO `award` VALUES (3518, 58, 291, '1988-01-17 00:00:00', 5, 1988);
INSERT INTO `award` VALUES (3519, 46, 324, '1988-01-10 00:00:00', 4, 1988);
INSERT INTO `award` VALUES (3520, 44, 314, '1988-01-03 00:00:00', 2, 1988);
INSERT INTO `award` VALUES (3521, 58, 291, '1987-12-27 00:00:00', 5, 1988);
INSERT INTO `award` VALUES (3522, 54, 302, '1987-12-20 00:00:00', 6, 1988);
INSERT INTO `award` VALUES (3523, 46, 290, '1987-12-13 00:00:00', 8, 1988);
INSERT INTO `award` VALUES (3524, 53, 307, '1987-12-06 00:00:00', 4, 1988);
INSERT INTO `award` VALUES (3525, 53, 307, '1987-11-29 00:00:00', 4, 1988);
INSERT INTO `award` VALUES (3526, 50, 325, '1987-11-22 00:00:00', 2, 1988);
INSERT INTO `award` VALUES (3527, 59, 286, '1987-11-15 00:00:00', 8, 1988);
INSERT INTO `award` VALUES (3528, 50, 325, '1989-04-23 00:00:00', 3, 1989);
INSERT INTO `award` VALUES (3529, 44, 314, '1989-04-16 00:00:00', 3, 1989);
INSERT INTO `award` VALUES (3530, 53, 307, '1989-04-09 00:00:00', 5, 1989);
INSERT INTO `award` VALUES (3531, 66, 293, '1989-04-02 00:00:00', 4, 1989);
INSERT INTO `award` VALUES (3532, 66, 293, '1989-03-26 00:00:00', 4, 1989);
INSERT INTO `award` VALUES (3533, 54, 326, '1989-03-19 00:00:00', 1, 1989);
INSERT INTO `award` VALUES (3534, 60, 295, '1989-03-12 00:00:00', 7, 1989);
INSERT INTO `award` VALUES (3535, 65, 327, '1989-03-05 00:00:00', 2, 1989);
INSERT INTO `award` VALUES (3536, 69, 310, '1989-02-26 00:00:00', 3, 1989);
INSERT INTO `award` VALUES (3537, 43, 328, '1989-02-19 00:00:00', 4, 1989);
INSERT INTO `award` VALUES (3538, 64, 329, '1989-02-05 00:00:00', 2, 1989);
INSERT INTO `award` VALUES (3539, 54, 317, '1989-01-29 00:00:00', 7, 1989);
INSERT INTO `award` VALUES (3540, 38, 330, '1989-01-22 00:00:00', 3, 1989);
INSERT INTO `award` VALUES (3541, 66, 293, '1989-01-15 00:00:00', 4, 1989);
INSERT INTO `award` VALUES (3542, 50, 331, '1989-01-08 00:00:00', 5, 1989);
INSERT INTO `award` VALUES (3543, 46, 290, '1989-01-01 00:00:00', 9, 1989);
INSERT INTO `award` VALUES (3544, 53, 307, '1988-12-25 00:00:00', 5, 1989);
INSERT INTO `award` VALUES (3545, 59, 319, '1988-12-18 00:00:00', 11, 1989);
INSERT INTO `award` VALUES (3546, 48, 332, '1988-12-11 00:00:00', 3, 1989);
INSERT INTO `award` VALUES (3547, 46, 290, '1988-12-04 00:00:00', 9, 1989);
INSERT INTO `award` VALUES (3548, 69, 310, '1988-11-27 00:00:00', 3, 1989);
INSERT INTO `award` VALUES (3549, 66, 293, '1988-11-20 00:00:00', 4, 1989);
INSERT INTO `award` VALUES (3550, 43, 328, '1988-11-13 00:00:00', 4, 1989);
INSERT INTO `award` VALUES (3551, 42, 333, '1990-04-22 00:00:00', 0, 1990);
INSERT INTO `award` VALUES (3552, 46, 290, '1990-04-15 00:00:00', 10, 1990);
INSERT INTO `award` VALUES (3553, 70, 304, '1990-04-08 00:00:00', 5, 1990);
INSERT INTO `award` VALUES (3554, 66, 293, '1990-04-01 00:00:00', 5, 1990);
INSERT INTO `award` VALUES (3555, 42, 333, '1990-03-25 00:00:00', 0, 1990);
INSERT INTO `award` VALUES (3556, 54, 326, '1990-03-18 00:00:00', 2, 1990);
INSERT INTO `award` VALUES (3557, 68, 334, '1990-03-11 00:00:00', 1, 1990);
INSERT INTO `award` VALUES (3558, 43, 328, '1990-03-04 00:00:00', 5, 1990);
INSERT INTO `award` VALUES (3559, 42, 333, '1990-02-25 00:00:00', 0, 1990);
INSERT INTO `award` VALUES (3560, 54, 317, '1990-02-18 00:00:00', 8, 1990);
INSERT INTO `award` VALUES (3561, 38, 335, '1990-02-04 00:00:00', 0, 1990);
INSERT INTO `award` VALUES (3562, 44, 314, '1990-01-28 00:00:00', 4, 1990);
INSERT INTO `award` VALUES (3563, 61, 308, '1990-01-21 00:00:00', 5, 1990);
INSERT INTO `award` VALUES (3564, 41, 329, '1990-01-14 00:00:00', 3, 1990);
INSERT INTO `award` VALUES (3565, 38, 336, '1990-01-07 00:00:00', 7, 1990);
INSERT INTO `award` VALUES (3566, 44, 314, '1989-12-30 00:00:00', 4, 1990);
INSERT INTO `award` VALUES (3567, 42, 296, '1989-12-24 00:00:00', 7, 1990);
INSERT INTO `award` VALUES (3568, 38, 330, '1989-12-17 00:00:00', 4, 1990);
INSERT INTO `award` VALUES (3569, 66, 293, '1989-12-10 00:00:00', 5, 1990);
INSERT INTO `award` VALUES (3570, 69, 310, '1989-12-03 00:00:00', 4, 1990);
INSERT INTO `award` VALUES (3571, 53, 307, '1989-11-26 00:00:00', 6, 1990);
INSERT INTO `award` VALUES (3572, 44, 323, '1989-11-19 00:00:00', 5, 1990);
INSERT INTO `award` VALUES (3573, 65, 337, '1989-11-12 00:00:00', 5, 1990);
INSERT INTO `award` VALUES (3574, 72, 338, '1991-04-21 00:00:00', 4, 1991);
INSERT INTO `award` VALUES (3575, 53, 307, '1991-04-14 00:00:00', 7, 1991);
INSERT INTO `award` VALUES (3576, 46, 290, '1991-04-07 00:00:00', 11, 1991);
INSERT INTO `award` VALUES (3577, 53, 307, '1991-03-31 00:00:00', 7, 1991);
INSERT INTO `award` VALUES (3578, 38, 339, '1991-03-24 00:00:00', 2, 1991);
INSERT INTO `award` VALUES (3579, 43, 340, '1991-03-17 00:00:00', 3, 1991);
INSERT INTO `award` VALUES (3580, 72, 341, '1991-03-10 00:00:00', 0, 1991);
INSERT INTO `award` VALUES (3581, 69, 342, '1991-03-03 00:00:00', 5, 1991);
INSERT INTO `award` VALUES (3582, 65, 343, '1991-02-24 00:00:00', 3, 1991);
INSERT INTO `award` VALUES (3583, 47, 344, '1991-02-17 00:00:00', 0, 1991);
INSERT INTO `award` VALUES (3584, 43, 316, '1991-02-03 00:00:00', 6, 1991);
INSERT INTO `award` VALUES (3585, 48, 332, '1991-01-27 00:00:00', 5, 1991);
INSERT INTO `award` VALUES (3586, 38, 335, '1991-01-20 00:00:00', 1, 1991);
INSERT INTO `award` VALUES (3587, 57, 299, '1991-01-13 00:00:00', 13, 1991);
INSERT INTO `award` VALUES (3588, 58, 291, '1991-01-06 00:00:00', 8, 1991);
INSERT INTO `award` VALUES (3589, 61, 345, '1990-12-30 00:00:00', 8, 1991);
INSERT INTO `award` VALUES (3590, 66, 293, '1990-12-23 00:00:00', 6, 1991);
INSERT INTO `award` VALUES (3591, 54, 326, '1990-12-16 00:00:00', 3, 1991);
INSERT INTO `award` VALUES (3592, 44, 323, '1990-12-09 00:00:00', 6, 1991);
INSERT INTO `award` VALUES (3593, 66, 293, '1990-12-02 00:00:00', 6, 1991);
INSERT INTO `award` VALUES (3594, 70, 304, '1990-11-25 00:00:00', 6, 1991);
INSERT INTO `award` VALUES (3595, 53, 307, '1990-11-18 00:00:00', 7, 1991);
INSERT INTO `award` VALUES (3596, 38, 330, '1990-11-11 00:00:00', 5, 1991);
INSERT INTO `award` VALUES (3597, 44, 314, '1992-04-19 00:00:00', 6, 1992);
INSERT INTO `award` VALUES (3598, 59, 346, '1992-04-12 00:00:00', 4, 1992);
INSERT INTO `award` VALUES (3599, 56, 347, '1992-04-05 00:00:00', 2, 1992);
INSERT INTO `award` VALUES (3600, 69, 348, '1992-03-29 00:00:00', 4, 1992);
INSERT INTO `award` VALUES (3601, 63, 349, '1992-03-22 00:00:00', 0, 1992);
INSERT INTO `award` VALUES (3602, 60, 350, '1992-03-15 00:00:00', 6, 1992);
INSERT INTO `award` VALUES (3603, 44, 314, '1992-03-08 00:00:00', 6, 1992);
INSERT INTO `award` VALUES (3604, 41, 351, '1992-03-01 00:00:00', 3, 1992);
INSERT INTO `award` VALUES (3605, 38, 335, '1992-02-23 00:00:00', 2, 1992);
INSERT INTO `award` VALUES (3606, 44, 323, '1992-02-16 00:00:00', 7, 1992);
INSERT INTO `award` VALUES (3607, 64, 302, '1992-02-02 00:00:00', 10, 1992);
INSERT INTO `award` VALUES (3608, 72, 352, '1992-01-26 00:00:00', 2, 1992);
INSERT INTO `award` VALUES (3609, 38, 335, '1992-01-19 00:00:00', 2, 1992);
INSERT INTO `award` VALUES (3610, 66, 293, '1992-01-12 00:00:00', 7, 1992);
INSERT INTO `award` VALUES (3611, 69, 310, '1992-01-05 00:00:00', 6, 1992);
INSERT INTO `award` VALUES (3612, 66, 353, '1991-12-29 00:00:00', 4, 1992);
INSERT INTO `award` VALUES (3613, 57, 354, '1991-12-22 00:00:00', 2, 1992);
INSERT INTO `award` VALUES (3614, 60, 355, '1991-12-15 00:00:00', 5, 1992);
INSERT INTO `award` VALUES (3615, 44, 356, '1991-12-08 00:00:00', 8, 1992);
INSERT INTO `award` VALUES (3616, 42, 333, '1991-12-01 00:00:00', 2, 1992);
INSERT INTO `award` VALUES (3617, 58, 357, '1991-11-24 00:00:00', 7, 1992);
INSERT INTO `award` VALUES (3618, 64, 358, '1991-11-17 00:00:00', 5, 1992);
INSERT INTO `award` VALUES (3619, 38, 330, '1991-11-10 00:00:00', 6, 1992);
INSERT INTO `award` VALUES (3620, 63, 349, '1993-04-25 00:00:00', 1, 1993);
INSERT INTO `award` VALUES (3621, 63, 359, '1993-04-18 00:00:00', 0, 1993);
INSERT INTO `award` VALUES (3622, 43, 328, '1993-04-11 00:00:00', 8, 1993);
INSERT INTO `award` VALUES (3623, 54, 304, '1993-04-04 00:00:00', 8, 1993);
INSERT INTO `award` VALUES (3624, 48, 360, '1993-03-28 00:00:00', 1, 1993);
INSERT INTO `award` VALUES (3625, 69, 310, '1993-03-21 00:00:00', 7, 1993);
INSERT INTO `award` VALUES (3626, 56, 361, '1993-03-14 00:00:00', 2, 1993);
INSERT INTO `award` VALUES (3627, 68, 334, '1993-03-07 00:00:00', 4, 1993);
INSERT INTO `award` VALUES (3628, 43, 328, '1993-02-28 00:00:00', 8, 1993);
INSERT INTO `award` VALUES (3629, 63, 349, '1993-02-14 00:00:00', 1, 1993);
INSERT INTO `award` VALUES (3630, 72, 352, '1993-02-07 00:00:00', 3, 1993);
INSERT INTO `award` VALUES (3631, 44, 314, '1993-01-31 00:00:00', 7, 1993);
INSERT INTO `award` VALUES (3632, 69, 310, '1993-01-24 00:00:00', 7, 1993);
INSERT INTO `award` VALUES (3633, 43, 328, '1993-01-17 00:00:00', 8, 1993);
INSERT INTO `award` VALUES (3634, 50, 362, '1993-01-10 00:00:00', 3, 1993);
INSERT INTO `award` VALUES (3635, 42, 333, '1993-01-03 00:00:00', 3, 1993);
INSERT INTO `award` VALUES (3636, 42, 363, '1992-12-27 00:00:00', 3, 1993);
INSERT INTO `award` VALUES (3637, 69, 310, '1992-12-20 00:00:00', 7, 1993);
INSERT INTO `award` VALUES (3638, 54, 304, '1992-12-13 00:00:00', 8, 1993);
INSERT INTO `award` VALUES (3639, 56, 364, '1992-12-06 00:00:00', 3, 1993);
INSERT INTO `award` VALUES (3640, 42, 333, '1992-11-29 00:00:00', 3, 1993);
INSERT INTO `award` VALUES (3641, 66, 293, '1992-11-22 00:00:00', 8, 1993);
INSERT INTO `award` VALUES (3642, 72, 365, '1992-11-15 00:00:00', 0, 1993);
INSERT INTO `award` VALUES (3643, 42, 333, '1994-04-24 00:00:00', 4, 1994);
INSERT INTO `award` VALUES (3644, 66, 353, '1994-04-17 00:00:00', 6, 1994);
INSERT INTO `award` VALUES (3645, 48, 360, '1994-04-10 00:00:00', 2, 1994);
INSERT INTO `award` VALUES (3646, 50, 362, '1994-04-03 00:00:00', 4, 1994);
INSERT INTO `award` VALUES (3647, 58, 357, '1994-03-27 00:00:00', 9, 1994);
INSERT INTO `award` VALUES (3648, 43, 328, '1994-03-20 00:00:00', 9, 1994);
INSERT INTO `award` VALUES (3649, 60, 350, '1994-03-13 00:00:00', 8, 1994);
INSERT INTO `award` VALUES (3650, 42, 333, '1994-03-06 00:00:00', 4, 1994);
INSERT INTO `award` VALUES (3651, 50, 362, '1994-02-27 00:00:00', 4, 1994);
INSERT INTO `award` VALUES (3652, 42, 333, '1994-02-20 00:00:00', 4, 1994);
INSERT INTO `award` VALUES (3653, 42, 333, '1994-02-06 00:00:00', 4, 1994);
INSERT INTO `award` VALUES (3654, 41, 329, '1994-01-30 00:00:00', 7, 1994);
INSERT INTO `award` VALUES (3655, 56, 366, '1994-01-23 00:00:00', 2, 1994);
INSERT INTO `award` VALUES (3656, 69, 310, '1994-01-16 00:00:00', 8, 1994);
INSERT INTO `award` VALUES (3657, 38, 367, '1994-01-09 00:00:00', 0, 1994);
INSERT INTO `award` VALUES (3658, 54, 368, '1994-01-02 00:00:00', 1, 1994);
INSERT INTO `award` VALUES (3659, 66, 353, '1993-12-26 00:00:00', 6, 1994);
INSERT INTO `award` VALUES (3660, 44, 314, '1993-12-19 00:00:00', 8, 1994);
INSERT INTO `award` VALUES (3661, 72, 365, '1993-12-12 00:00:00', 1, 1994);
INSERT INTO `award` VALUES (3662, 42, 333, '1993-12-05 00:00:00', 4, 1994);
INSERT INTO `award` VALUES (3663, 68, 369, '1993-11-28 00:00:00', 4, 1994);
INSERT INTO `award` VALUES (3664, 54, 304, '1993-11-21 00:00:00', 9, 1994);
INSERT INTO `award` VALUES (3665, 43, 328, '1993-11-14 00:00:00', 9, 1994);
INSERT INTO `award` VALUES (3666, 44, 314, '1995-04-23 00:00:00', 9, 1995);
INSERT INTO `award` VALUES (3667, 48, 360, '1995-04-16 00:00:00', 3, 1995);
INSERT INTO `award` VALUES (3668, 43, 307, '1995-04-09 00:00:00', 11, 1995);
INSERT INTO `award` VALUES (3669, 42, 333, '1995-04-02 00:00:00', 5, 1995);
INSERT INTO `award` VALUES (3670, 46, 370, '1995-03-26 00:00:00', 5, 1995);
INSERT INTO `award` VALUES (3671, 45, 371, '1995-03-19 00:00:00', 0, 1995);
INSERT INTO `award` VALUES (3672, 65, 372, '1995-03-12 00:00:00', 6, 1995);
INSERT INTO `award` VALUES (3673, 72, 365, '1995-03-05 00:00:00', 2, 1995);
INSERT INTO `award` VALUES (3674, 53, 373, '1995-02-26 00:00:00', 6, 1995);
INSERT INTO `award` VALUES (3675, 54, 304, '1995-02-19 00:00:00', 10, 1995);
INSERT INTO `award` VALUES (3676, 43, 328, '1995-02-05 00:00:00', 10, 1995);
INSERT INTO `award` VALUES (3677, 44, 323, '1995-01-29 00:00:00', 10, 1995);
INSERT INTO `award` VALUES (3678, 69, 310, '1995-01-22 00:00:00', 9, 1995);
INSERT INTO `award` VALUES (3679, 63, 349, '1995-01-15 00:00:00', 3, 1995);
INSERT INTO `award` VALUES (3680, 50, 374, '1995-01-08 00:00:00', 4, 1995);
INSERT INTO `award` VALUES (3681, 43, 328, '1995-01-01 00:00:00', 10, 1995);
INSERT INTO `award` VALUES (3682, 46, 375, '1994-12-25 00:00:00', 4, 1995);
INSERT INTO `award` VALUES (3683, 44, 314, '1994-12-18 00:00:00', 9, 1995);
INSERT INTO `award` VALUES (3684, 45, 376, '1994-12-11 00:00:00', 1, 1995);
INSERT INTO `award` VALUES (3685, 72, 365, '1994-12-04 00:00:00', 2, 1995);
INSERT INTO `award` VALUES (3686, 72, 377, '1994-11-27 00:00:00', 1, 1995);
INSERT INTO `award` VALUES (3687, 54, 378, '1994-11-20 00:00:00', 3, 1995);
INSERT INTO `award` VALUES (3688, 38, 335, '1994-11-13 00:00:00', 5, 1995);
INSERT INTO `award` VALUES (3689, 72, 341, '1996-04-21 00:00:00', 5, 1996);
INSERT INTO `award` VALUES (3690, 57, 379, '1996-04-14 00:00:00', 1, 1996);
INSERT INTO `award` VALUES (3691, 54, 326, '1996-04-07 00:00:00', 8, 1996);
INSERT INTO `award` VALUES (3692, 53, 380, '1996-03-31 00:00:00', 0, 1996);
INSERT INTO `award` VALUES (3693, 68, 381, '1996-03-24 00:00:00', 4, 1996);
INSERT INTO `award` VALUES (3694, 60, 382, '1996-03-17 00:00:00', 1, 1996);
INSERT INTO `award` VALUES (3695, 66, 293, '1996-03-10 00:00:00', 10, 1996);
INSERT INTO `award` VALUES (3696, 72, 365, '1996-03-03 00:00:00', 3, 1996);
INSERT INTO `award` VALUES (3697, 43, 328, '1996-03-03 00:00:00', 11, 1996);
INSERT INTO `award` VALUES (3698, 50, 362, '1996-02-25 00:00:00', 6, 1996);
INSERT INTO `award` VALUES (3699, 56, 383, '1996-02-18 00:00:00', 8, 1996);
INSERT INTO `award` VALUES (3700, 45, 371, '1996-02-04 00:00:00', 1, 1996);
INSERT INTO `award` VALUES (3701, 65, 343, '1996-01-28 00:00:00', 8, 1996);
INSERT INTO `award` VALUES (3702, 66, 293, '1996-01-21 00:00:00', 10, 1996);
INSERT INTO `award` VALUES (3703, 42, 333, '1996-01-14 00:00:00', 6, 1996);
INSERT INTO `award` VALUES (3704, 53, 384, '1996-01-07 00:00:00', 6, 1996);
INSERT INTO `award` VALUES (3705, 44, 314, '1995-12-31 00:00:00', 10, 1996);
INSERT INTO `award` VALUES (3706, 66, 293, '1995-12-24 00:00:00', 10, 1996);
INSERT INTO `award` VALUES (3707, 66, 353, '1995-12-17 00:00:00', 8, 1996);
INSERT INTO `award` VALUES (3708, 48, 360, '1995-12-10 00:00:00', 4, 1996);
INSERT INTO `award` VALUES (3709, 64, 385, '1995-12-03 00:00:00', 4, 1996);
INSERT INTO `award` VALUES (3710, 50, 362, '1995-11-26 00:00:00', 6, 1996);
INSERT INTO `award` VALUES (3711, 46, 375, '1995-11-19 00:00:00', 5, 1996);
INSERT INTO `award` VALUES (3712, 72, 377, '1995-11-12 00:00:00', 2, 1996);
INSERT INTO `award` VALUES (3713, 57, 367, '1997-04-20 00:00:00', 3, 1997);
INSERT INTO `award` VALUES (3714, 70, 386, '1997-04-13 00:00:00', 0, 1997);
INSERT INTO `award` VALUES (3715, 60, 382, '1997-04-06 00:00:00', 2, 1997);
INSERT INTO `award` VALUES (3716, 54, 326, '1997-03-30 00:00:00', 9, 1997);
INSERT INTO `award` VALUES (3717, 44, 314, '1997-03-23 00:00:00', 11, 1997);
INSERT INTO `award` VALUES (3718, 44, 314, '1997-03-16 00:00:00', 11, 1997);
INSERT INTO `award` VALUES (3719, 69, 310, '1997-03-09 00:00:00', 11, 1997);
INSERT INTO `award` VALUES (3720, 41, 387, '1997-03-02 00:00:00', 6, 1997);
INSERT INTO `award` VALUES (3721, 66, 353, '1997-02-23 00:00:00', 9, 1997);
INSERT INTO `award` VALUES (3722, 68, 359, '1997-02-16 00:00:00', 4, 1997);
INSERT INTO `award` VALUES (3723, 63, 369, '1997-02-02 00:00:00', 7, 1997);
INSERT INTO `award` VALUES (3724, 47, 339, '1997-01-26 00:00:00', 8, 1997);
INSERT INTO `award` VALUES (3725, 60, 382, '1997-01-19 00:00:00', 2, 1997);
INSERT INTO `award` VALUES (3726, 61, 388, '1997-01-12 00:00:00', 2, 1997);
INSERT INTO `award` VALUES (3727, 63, 369, '1997-01-05 00:00:00', 7, 1997);
INSERT INTO `award` VALUES (3728, 68, 335, '1996-12-29 00:00:00', 7, 1997);
INSERT INTO `award` VALUES (3729, 64, 385, '1996-12-22 00:00:00', 5, 1997);
INSERT INTO `award` VALUES (3730, 46, 365, '1996-12-15 00:00:00', 4, 1997);
INSERT INTO `award` VALUES (3731, 60, 389, '1996-12-08 00:00:00', 6, 1997);
INSERT INTO `award` VALUES (3732, 58, 360, '1996-12-01 00:00:00', 5, 1997);
INSERT INTO `award` VALUES (3733, 43, 304, '1996-11-24 00:00:00', 12, 1997);
INSERT INTO `award` VALUES (3734, 44, 314, '1996-11-24 00:00:00', 11, 1997);
INSERT INTO `award` VALUES (3735, 48, 331, '1996-11-17 00:00:00', 13, 1997);
INSERT INTO `award` VALUES (3736, 43, 328, '1996-11-10 00:00:00', 12, 1997);
INSERT INTO `award` VALUES (3737, 54, 371, '1998-04-19 00:00:00', 3, 1998);
INSERT INTO `award` VALUES (3738, 56, 390, '1998-04-12 00:00:00', 4, 1998);
INSERT INTO `award` VALUES (3739, 66, 293, '1998-04-05 00:00:00', 12, 1998);
INSERT INTO `award` VALUES (3740, 68, 359, '1998-03-29 00:00:00', 5, 1998);
INSERT INTO `award` VALUES (3741, 46, 365, '1998-03-22 00:00:00', 5, 1998);
INSERT INTO `award` VALUES (3742, 54, 371, '1998-03-15 00:00:00', 3, 1998);
INSERT INTO `award` VALUES (3743, 44, 314, '1998-03-08 00:00:00', 12, 1998);
INSERT INTO `award` VALUES (3744, 42, 391, '1998-03-01 00:00:00', 0, 1998);
INSERT INTO `award` VALUES (3745, 72, 352, '1998-02-22 00:00:00', 8, 1998);
INSERT INTO `award` VALUES (3746, 44, 314, '1998-02-15 00:00:00', 12, 1998);
INSERT INTO `award` VALUES (3747, 42, 333, '1998-02-01 00:00:00', 8, 1998);
INSERT INTO `award` VALUES (3748, 56, 392, '1998-01-25 00:00:00', 7, 1998);
INSERT INTO `award` VALUES (3749, 70, 386, '1998-01-18 00:00:00', 1, 1998);
INSERT INTO `award` VALUES (3750, 58, 393, '1998-01-11 00:00:00', 6, 1998);
INSERT INTO `award` VALUES (3751, 65, 372, '1998-01-04 00:00:00', 9, 1998);
INSERT INTO `award` VALUES (3752, 42, 333, '1997-12-28 00:00:00', 8, 1998);
INSERT INTO `award` VALUES (3753, 66, 293, '1997-12-21 00:00:00', 12, 1998);
INSERT INTO `award` VALUES (3754, 63, 369, '1997-12-14 00:00:00', 8, 1998);
INSERT INTO `award` VALUES (3755, 64, 394, '1997-12-07 00:00:00', 3, 1998);
INSERT INTO `award` VALUES (3756, 44, 314, '1997-11-30 00:00:00', 12, 1998);
INSERT INTO `award` VALUES (3757, 66, 293, '1997-11-23 00:00:00', 12, 1998);
INSERT INTO `award` VALUES (3758, 46, 365, '1997-11-16 00:00:00', 5, 1998);
INSERT INTO `award` VALUES (3759, 58, 360, '1997-11-09 00:00:00', 6, 1998);
INSERT INTO `award` VALUES (3760, 60, 382, '1999-05-02 00:00:00', 4, 1999);
INSERT INTO `award` VALUES (3761, 47, 367, '1999-04-25 00:00:00', 5, 1999);
INSERT INTO `award` VALUES (3762, 54, 371, '1999-04-18 00:00:00', 4, 1999);
INSERT INTO `award` VALUES (3763, 44, 314, '1999-04-11 00:00:00', 13, 1999);
INSERT INTO `award` VALUES (3764, 39, 395, '1999-04-04 00:00:00', 3, 1999);
INSERT INTO `award` VALUES (3765, 72, 396, '1999-03-28 00:00:00', 4, 1999);
INSERT INTO `award` VALUES (3766, 55, 397, '1999-03-21 00:00:00', 0, 1999);
INSERT INTO `award` VALUES (3767, 68, 359, '1999-03-14 00:00:00', 6, 1999);
INSERT INTO `award` VALUES (3768, 42, 391, '1999-03-07 00:00:00', 1, 1999);
INSERT INTO `award` VALUES (3769, 48, 398, '1999-02-28 00:00:00', 3, 1999);
INSERT INTO `award` VALUES (3770, 39, 399, '1999-02-21 00:00:00', 2, 1999);
INSERT INTO `award` VALUES (3771, 50, 374, '1999-02-14 00:00:00', 8, 1999);
INSERT INTO `award` VALUES (3772, 58, 360, '1999-02-07 00:00:00', 7, 1999);
INSERT INTO `award` VALUES (3773, 46, 400, '2000-04-17 00:00:00', 3, 2000);
INSERT INTO `award` VALUES (3774, 68, 359, '2000-04-10 00:00:00', 7, 2000);
INSERT INTO `award` VALUES (3775, 42, 391, '2000-04-03 00:00:00', 2, 2000);
INSERT INTO `award` VALUES (3776, 39, 395, '2000-03-27 00:00:00', 4, 2000);
INSERT INTO `award` VALUES (3777, 65, 401, '2000-03-20 00:00:00', 5, 2000);
INSERT INTO `award` VALUES (3778, 46, 365, '2000-03-13 00:00:00', 7, 2000);
INSERT INTO `award` VALUES (3779, 44, 314, '2000-03-06 00:00:00', 14, 2000);
INSERT INTO `award` VALUES (3780, 55, 397, '2000-02-28 00:00:00', 1, 2000);
INSERT INTO `award` VALUES (3781, 46, 365, '2000-02-22 00:00:00', 7, 2000);
INSERT INTO `award` VALUES (3782, 45, 402, '2000-02-07 00:00:00', 4, 2000);
INSERT INTO `award` VALUES (3783, 58, 360, '2000-01-31 00:00:00', 8, 2000);
INSERT INTO `award` VALUES (3784, 43, 403, '2000-01-24 00:00:00', 0, 2000);
INSERT INTO `award` VALUES (3785, 47, 367, '2000-01-17 00:00:00', 6, 2000);
INSERT INTO `award` VALUES (3786, 60, 382, '2000-01-10 00:00:00', 5, 2000);
INSERT INTO `award` VALUES (3787, 47, 367, '2000-01-03 00:00:00', 6, 2000);
INSERT INTO `award` VALUES (3788, 39, 395, '1999-12-27 00:00:00', 4, 2000);
INSERT INTO `award` VALUES (3789, 54, 371, '1999-12-20 00:00:00', 5, 2000);
INSERT INTO `award` VALUES (3790, 68, 359, '1999-12-13 00:00:00', 7, 2000);
INSERT INTO `award` VALUES (3791, 46, 365, '1999-12-05 00:00:00', 7, 2000);
INSERT INTO `award` VALUES (3792, 42, 391, '1999-11-28 00:00:00', 2, 2000);
INSERT INTO `award` VALUES (3793, 55, 397, '1999-11-21 00:00:00', 1, 2000);
INSERT INTO `award` VALUES (3794, 39, 395, '1999-11-14 00:00:00', 4, 2000);
INSERT INTO `award` VALUES (3795, 61, 390, '1999-11-07 00:00:00', 6, 2000);
INSERT INTO `award` VALUES (3796, 61, 404, '2001-04-15 00:00:00', 4, 2001);
INSERT INTO `award` VALUES (3797, 46, 365, '2001-04-08 00:00:00', 8, 2001);
INSERT INTO `award` VALUES (3798, 54, 371, '2001-04-01 00:00:00', 6, 2001);
INSERT INTO `award` VALUES (3799, 59, 405, '2001-03-25 00:00:00', 2, 2001);
INSERT INTO `award` VALUES (3800, 43, 406, '2001-03-18 00:00:00', 2, 2001);
INSERT INTO `award` VALUES (3801, 42, 407, '2001-03-11 00:00:00', 3, 2001);
INSERT INTO `award` VALUES (3802, 55, 397, '2001-03-04 00:00:00', 2, 2001);
INSERT INTO `award` VALUES (3803, 54, 408, '2001-02-25 00:00:00', 1, 2001);
INSERT INTO `award` VALUES (3804, 70, 386, '2001-02-18 00:00:00', 4, 2001);
INSERT INTO `award` VALUES (3805, 72, 396, '2001-02-04 00:00:00', 6, 2001);
INSERT INTO `award` VALUES (3806, 42, 391, '2001-01-28 00:00:00', 3, 2001);
INSERT INTO `award` VALUES (3807, 47, 367, '2001-01-22 00:00:00', 7, 2001);
INSERT INTO `award` VALUES (3808, 43, 403, '2001-01-14 00:00:00', 1, 2001);
INSERT INTO `award` VALUES (3809, 70, 386, '2001-01-07 00:00:00', 4, 2001);
INSERT INTO `award` VALUES (3810, 70, 409, '2000-12-31 00:00:00', 6, 2001);
INSERT INTO `award` VALUES (3811, 46, 400, '2000-12-24 00:00:00', 4, 2001);
INSERT INTO `award` VALUES (3812, 61, 388, '2000-12-17 00:00:00', 6, 2001);
INSERT INTO `award` VALUES (3813, 47, 367, '2000-12-10 00:00:00', 7, 2001);
INSERT INTO `award` VALUES (3814, 48, 398, '2000-12-03 00:00:00', 5, 2001);
INSERT INTO `award` VALUES (3815, 63, 410, '2000-11-26 00:00:00', 1, 2001);
INSERT INTO `award` VALUES (3816, 39, 395, '2000-11-19 00:00:00', 5, 2001);
INSERT INTO `award` VALUES (3817, 56, 399, '2000-11-12 00:00:00', 4, 2001);
INSERT INTO `award` VALUES (3818, 44, 314, '2000-11-06 00:00:00', 15, 2001);
INSERT INTO `award` VALUES (3819, 44, 323, '2000-11-06 00:00:00', 16, 2001);
INSERT INTO `award` VALUES (3820, 59, 405, '2002-04-07 00:00:00', 3, 2002);
INSERT INTO `award` VALUES (3821, 42, 391, '2002-04-07 00:00:00', 4, 2002);
INSERT INTO `award` VALUES (3822, 60, 411, '2002-03-31 00:00:00', 5, 2002);
INSERT INTO `award` VALUES (3823, 54, 408, '2002-03-31 00:00:00', 2, 2002);
INSERT INTO `award` VALUES (3824, 56, 371, '2002-03-24 00:00:00', 7, 2002);
INSERT INTO `award` VALUES (3825, 42, 391, '2002-03-24 00:00:00', 4, 2002);
INSERT INTO `award` VALUES (3826, 72, 412, '2002-03-17 00:00:00', 4, 2002);
INSERT INTO `award` VALUES (3827, 42, 391, '2002-03-17 00:00:00', 4, 2002);
INSERT INTO `award` VALUES (3828, 69, 413, '2002-03-10 00:00:00', 6, 2002);
INSERT INTO `award` VALUES (3829, 46, 365, '2002-03-10 00:00:00', 9, 2002);
INSERT INTO `award` VALUES (3830, 70, 386, '2002-03-03 00:00:00', 5, 2002);
INSERT INTO `award` VALUES (3831, 53, 414, '2002-03-03 00:00:00', 6, 2002);
INSERT INTO `award` VALUES (3832, 60, 411, '2002-02-24 00:00:00', 5, 2002);
INSERT INTO `award` VALUES (3833, 46, 365, '2002-02-24 00:00:00', 9, 2002);
INSERT INTO `award` VALUES (3834, 64, 415, '2002-02-17 00:00:00', 2, 2002);
INSERT INTO `award` VALUES (3835, 44, 314, '2002-02-17 00:00:00', 16, 2002);
INSERT INTO `award` VALUES (3836, 56, 371, '2002-02-03 00:00:00', 7, 2002);
INSERT INTO `award` VALUES (3837, 46, 365, '2002-02-03 00:00:00', 9, 2002);
INSERT INTO `award` VALUES (3838, 70, 386, '2002-01-27 00:00:00', 5, 2002);
INSERT INTO `award` VALUES (3839, 45, 416, '2002-01-27 00:00:00', 3, 2002);
INSERT INTO `award` VALUES (3840, 70, 386, '2002-01-20 00:00:00', 5, 2002);
INSERT INTO `award` VALUES (3841, 46, 400, '2002-01-20 00:00:00', 5, 2002);
INSERT INTO `award` VALUES (3842, 61, 404, '2002-01-13 00:00:00', 5, 2002);
INSERT INTO `award` VALUES (3843, 39, 395, '2002-01-13 00:00:00', 6, 2002);
INSERT INTO `award` VALUES (3844, 68, 417, '2002-01-06 00:00:00', 7, 2002);
INSERT INTO `award` VALUES (3845, 47, 367, '2002-01-06 00:00:00', 8, 2002);
INSERT INTO `award` VALUES (3846, 56, 371, '2001-12-30 00:00:00', 7, 2002);
INSERT INTO `award` VALUES (3847, 42, 391, '2001-12-30 00:00:00', 4, 2002);
INSERT INTO `award` VALUES (3848, 65, 418, '2001-12-23 00:00:00', 5, 2002);
INSERT INTO `award` VALUES (3849, 50, 374, '2001-12-23 00:00:00', 11, 2002);
INSERT INTO `award` VALUES (3850, 67, 419, '2001-12-16 00:00:00', 2, 2002);
INSERT INTO `award` VALUES (3851, 45, 420, '2001-12-16 00:00:00', 5, 2002);
INSERT INTO `award` VALUES (3852, 64, 415, '2001-12-09 00:00:00', 2, 2002);
INSERT INTO `award` VALUES (3853, 41, 421, '2001-12-09 00:00:00', 2, 2002);
INSERT INTO `award` VALUES (3854, 59, 405, '2001-12-02 00:00:00', 3, 2002);
INSERT INTO `award` VALUES (3855, 54, 399, '2001-12-02 00:00:00', 5, 2002);
INSERT INTO `award` VALUES (3856, 58, 422, '2001-11-25 00:00:00', 5, 2002);
INSERT INTO `award` VALUES (3857, 42, 391, '2001-11-25 00:00:00', 4, 2002);
INSERT INTO `award` VALUES (3858, 70, 386, '2001-11-18 00:00:00', 5, 2002);
INSERT INTO `award` VALUES (3859, 39, 395, '2001-11-18 00:00:00', 6, 2002);
INSERT INTO `award` VALUES (3860, 55, 397, '2001-11-11 00:00:00', 3, 2002);
INSERT INTO `award` VALUES (3861, 42, 391, '2001-11-11 00:00:00', 4, 2002);
INSERT INTO `award` VALUES (3862, 61, 404, '2001-11-04 00:00:00', 5, 2002);
INSERT INTO `award` VALUES (3863, 46, 400, '2001-11-04 00:00:00', 5, 2002);
INSERT INTO `award` VALUES (3864, 72, 412, '2003-04-13 00:00:00', 5, 2003);
INSERT INTO `award` VALUES (3865, 54, 408, '2003-04-13 00:00:00', 3, 2003);
INSERT INTO `award` VALUES (3866, 56, 371, '2003-04-06 00:00:00', 8, 2003);
INSERT INTO `award` VALUES (3867, 46, 365, '2003-04-06 00:00:00', 10, 2003);
INSERT INTO `award` VALUES (3868, 56, 423, '2003-03-30 00:00:00', 1, 2003);
INSERT INTO `award` VALUES (3869, 42, 391, '2003-03-30 00:00:00', 5, 2003);
INSERT INTO `award` VALUES (3870, 60, 411, '2003-03-23 00:00:00', 6, 2003);
INSERT INTO `award` VALUES (3871, 47, 424, '2003-03-23 00:00:00', 4, 2003);
INSERT INTO `award` VALUES (3872, 70, 386, '2003-03-16 00:00:00', 6, 2003);
INSERT INTO `award` VALUES (3873, 43, 403, '2003-03-16 00:00:00', 3, 2003);
INSERT INTO `award` VALUES (3874, 72, 412, '2003-03-09 00:00:00', 5, 2003);
INSERT INTO `award` VALUES (3875, 46, 365, '2003-03-09 00:00:00', 10, 2003);
INSERT INTO `award` VALUES (3876, 67, 293, '2003-03-02 00:00:00', 14, 2003);
INSERT INTO `award` VALUES (3877, 50, 404, '2003-03-02 00:00:00', 6, 2003);
INSERT INTO `award` VALUES (3878, 72, 412, '2003-02-23 00:00:00', 5, 2003);
INSERT INTO `award` VALUES (3879, 46, 400, '2003-02-23 00:00:00', 6, 2003);
INSERT INTO `award` VALUES (3880, 69, 425, '2003-02-16 00:00:00', 9, 2003);
INSERT INTO `award` VALUES (3881, 42, 391, '2003-02-16 00:00:00', 5, 2003);
INSERT INTO `award` VALUES (3882, 60, 426, '2003-02-02 00:00:00', 5, 2003);
INSERT INTO `award` VALUES (3883, 46, 400, '2003-02-02 00:00:00', 6, 2003);
INSERT INTO `award` VALUES (3884, 59, 405, '2003-01-26 00:00:00', 4, 2003);
INSERT INTO `award` VALUES (3885, 42, 391, '2003-01-26 00:00:00', 5, 2003);
INSERT INTO `award` VALUES (3886, 59, 427, '2003-01-19 00:00:00', 6, 2003);
INSERT INTO `award` VALUES (3887, 43, 403, '2003-01-19 00:00:00', 3, 2003);
INSERT INTO `award` VALUES (3888, 65, 418, '2003-01-12 00:00:00', 6, 2003);
INSERT INTO `award` VALUES (3889, 46, 400, '2003-01-12 00:00:00', 6, 2003);
INSERT INTO `award` VALUES (3890, 54, 399, '2003-01-12 00:00:00', 6, 2003);
INSERT INTO `award` VALUES (3891, 67, 293, '2003-01-05 00:00:00', 14, 2003);
INSERT INTO `award` VALUES (3892, 45, 416, '2003-01-05 00:00:00', 4, 2003);
INSERT INTO `award` VALUES (3893, 56, 428, '2002-12-29 00:00:00', 9, 2003);
INSERT INTO `award` VALUES (3894, 42, 391, '2002-12-29 00:00:00', 5, 2003);
INSERT INTO `award` VALUES (3895, 56, 371, '2002-12-22 00:00:00', 8, 2003);
INSERT INTO `award` VALUES (3896, 42, 391, '2002-12-22 00:00:00', 5, 2003);
INSERT INTO `award` VALUES (3897, 59, 427, '2002-12-15 00:00:00', 6, 2003);
INSERT INTO `award` VALUES (3898, 47, 367, '2002-12-15 00:00:00', 9, 2003);
INSERT INTO `award` VALUES (3899, 59, 405, '2002-12-08 00:00:00', 4, 2003);
INSERT INTO `award` VALUES (3900, 46, 400, '2002-12-08 00:00:00', 6, 2003);
INSERT INTO `award` VALUES (3901, 70, 386, '2002-12-01 00:00:00', 6, 2003);
INSERT INTO `award` VALUES (3902, 54, 399, '2002-12-01 00:00:00', 6, 2003);
INSERT INTO `award` VALUES (3903, 70, 386, '2002-11-24 00:00:00', 6, 2003);
INSERT INTO `award` VALUES (3904, 39, 395, '2002-11-24 00:00:00', 7, 2003);
INSERT INTO `award` VALUES (3905, 65, 429, '2002-11-17 00:00:00', 3, 2003);
INSERT INTO `award` VALUES (3906, 50, 430, '2002-11-17 00:00:00', 4, 2003);
INSERT INTO `award` VALUES (3907, 67, 431, '2002-11-10 00:00:00', 7, 2003);
INSERT INTO `award` VALUES (3908, 45, 416, '2002-11-10 00:00:00', 4, 2003);
INSERT INTO `award` VALUES (3909, 58, 388, '2002-11-03 00:00:00', 8, 2003);
INSERT INTO `award` VALUES (3910, 46, 400, '2002-11-03 00:00:00', 6, 2003);
INSERT INTO `award` VALUES (3911, 52, 432, '2004-04-12 00:00:00', 3, 2004);
INSERT INTO `award` VALUES (3912, 48, 433, '2004-04-12 00:00:00', 0, 2004);
INSERT INTO `award` VALUES (3913, 56, 423, '2004-04-05 00:00:00', 2, 2004);
INSERT INTO `award` VALUES (3914, 45, 416, '2004-04-05 00:00:00', 5, 2004);
INSERT INTO `award` VALUES (3915, 65, 429, '2004-03-29 00:00:00', 4, 2004);
INSERT INTO `award` VALUES (3916, 46, 400, '2004-03-29 00:00:00', 7, 2004);
INSERT INTO `award` VALUES (3917, 55, 397, '2004-03-21 00:00:00', 5, 2004);
INSERT INTO `award` VALUES (3918, 46, 365, '2004-03-21 00:00:00', 11, 2004);
INSERT INTO `award` VALUES (3919, 64, 434, '2004-03-14 00:00:00', 7, 2004);
INSERT INTO `award` VALUES (3920, 48, 433, '2004-03-14 00:00:00', 0, 2004);
INSERT INTO `award` VALUES (3921, 68, 435, '2004-03-07 00:00:00', 4, 2004);
INSERT INTO `award` VALUES (3922, 43, 436, '2004-03-07 00:00:00', 1, 2004);
INSERT INTO `award` VALUES (3923, 60, 411, '2004-02-29 00:00:00', 7, 2004);
INSERT INTO `award` VALUES (3924, 44, 437, '2004-02-29 00:00:00', 2, 2004);
INSERT INTO `award` VALUES (3925, 68, 438, '2004-02-22 00:00:00', 0, 2004);
INSERT INTO `award` VALUES (3926, 46, 400, '2004-02-22 00:00:00', 7, 2004);
INSERT INTO `award` VALUES (3927, 56, 439, '2004-02-08 00:00:00', 3, 2004);
INSERT INTO `award` VALUES (3928, 42, 391, '2004-02-08 00:00:00', 6, 2004);
INSERT INTO `award` VALUES (3929, 56, 371, '2004-02-01 00:00:00', 9, 2004);
INSERT INTO `award` VALUES (3930, 39, 395, '2004-02-01 00:00:00', 8, 2004);
INSERT INTO `award` VALUES (3931, 64, 440, '2004-01-25 00:00:00', 1, 2004);
INSERT INTO `award` VALUES (3932, 39, 395, '2004-01-25 00:00:00', 8, 2004);
INSERT INTO `award` VALUES (3933, 69, 399, '2004-01-18 00:00:00', 7, 2004);
INSERT INTO `award` VALUES (3934, 45, 402, '2004-01-18 00:00:00', 8, 2004);
INSERT INTO `award` VALUES (3935, 59, 405, '2004-01-11 00:00:00', 5, 2004);
INSERT INTO `award` VALUES (3936, 50, 404, '2004-01-11 00:00:00', 7, 2004);
INSERT INTO `award` VALUES (3937, 60, 411, '2004-01-04 00:00:00', 7, 2004);
INSERT INTO `award` VALUES (3938, 41, 421, '2004-01-04 00:00:00', 4, 2004);
INSERT INTO `award` VALUES (3939, 56, 371, '2003-12-28 00:00:00', 9, 2004);
INSERT INTO `award` VALUES (3940, 39, 390, '2003-12-28 00:00:00', 10, 2004);
INSERT INTO `award` VALUES (3941, 72, 412, '2003-12-21 00:00:00', 6, 2004);
INSERT INTO `award` VALUES (3942, 39, 395, '2003-12-21 00:00:00', 8, 2004);
INSERT INTO `award` VALUES (3943, 59, 405, '2003-12-14 00:00:00', 5, 2004);
INSERT INTO `award` VALUES (3944, 47, 424, '2003-12-14 00:00:00', 5, 2004);
INSERT INTO `award` VALUES (3945, 55, 397, '2003-12-07 00:00:00', 5, 2004);
INSERT INTO `award` VALUES (3946, 46, 365, '2003-12-07 00:00:00', 11, 2004);
INSERT INTO `award` VALUES (3947, 69, 360, '2003-11-30 00:00:00', 12, 2004);
INSERT INTO `award` VALUES (3948, 48, 441, '2003-11-30 00:00:00', 8, 2004);
INSERT INTO `award` VALUES (3949, 60, 426, '2003-11-23 00:00:00', 6, 2004);
INSERT INTO `award` VALUES (3950, 39, 395, '2003-11-23 00:00:00', 8, 2004);
INSERT INTO `award` VALUES (3951, 70, 386, '2003-11-16 00:00:00', 7, 2004);
INSERT INTO `award` VALUES (3952, 41, 442, '2003-11-16 00:00:00', 3, 2004);
INSERT INTO `award` VALUES (3953, 65, 429, '2003-11-09 00:00:00', 4, 2004);
INSERT INTO `award` VALUES (3954, 44, 437, '2003-11-09 00:00:00', 2, 2004);
INSERT INTO `award` VALUES (3955, 52, 410, '2003-11-02 00:00:00', 4, 2004);
INSERT INTO `award` VALUES (3956, 50, 430, '2003-11-02 00:00:00', 5, 2004);
INSERT INTO `award` VALUES (3957, 56, 371, '2005-04-17 00:00:00', 10, 2005);
INSERT INTO `award` VALUES (3958, 43, 412, '2005-04-17 00:00:00', 7, 2005);
INSERT INTO `award` VALUES (3959, 56, 397, '2005-04-10 00:00:00', 6, 2005);
INSERT INTO `award` VALUES (3960, 38, 410, '2005-04-10 00:00:00', 5, 2005);
INSERT INTO `award` VALUES (3961, 65, 343, '2005-04-03 00:00:00', 17, 2005);
INSERT INTO `award` VALUES (3962, 38, 410, '2005-04-03 00:00:00', 5, 2005);
INSERT INTO `award` VALUES (3963, 70, 386, '2005-03-27 00:00:00', 8, 2005);
INSERT INTO `award` VALUES (3964, 50, 404, '2005-03-27 00:00:00', 8, 2005);
INSERT INTO `award` VALUES (3965, 60, 426, '2005-03-20 00:00:00', 7, 2005);
INSERT INTO `award` VALUES (3966, 38, 443, '2005-03-20 00:00:00', 3, 2005);
INSERT INTO `award` VALUES (3967, 59, 405, '2005-03-13 00:00:00', 6, 2005);
INSERT INTO `award` VALUES (3968, 43, 412, '2005-03-13 00:00:00', 7, 2005);
INSERT INTO `award` VALUES (3969, 70, 386, '2005-03-06 00:00:00', 8, 2005);
INSERT INTO `award` VALUES (3970, 48, 444, '2005-03-06 00:00:00', 8, 2005);
INSERT INTO `award` VALUES (3971, 55, 401, '2005-02-27 00:00:00', 10, 2005);
INSERT INTO `award` VALUES (3972, 47, 445, '2005-02-27 00:00:00', 6, 2005);
INSERT INTO `award` VALUES (3973, 70, 386, '2005-02-13 00:00:00', 8, 2005);
INSERT INTO `award` VALUES (3974, 54, 420, '2005-02-13 00:00:00', 8, 2005);
INSERT INTO `award` VALUES (3975, 59, 405, '2005-02-06 00:00:00', 6, 2005);
INSERT INTO `award` VALUES (3976, 43, 412, '2005-02-06 00:00:00', 7, 2005);
INSERT INTO `award` VALUES (3977, 56, 397, '2005-01-30 00:00:00', 6, 2005);
INSERT INTO `award` VALUES (3978, 47, 446, '2005-01-30 00:00:00', 6, 2005);
INSERT INTO `award` VALUES (3979, 64, 447, '2005-01-23 00:00:00', 1, 2005);
INSERT INTO `award` VALUES (3980, 45, 448, '2005-01-23 00:00:00', 5, 2005);
INSERT INTO `award` VALUES (3981, 67, 449, '2005-01-16 00:00:00', 6, 2005);
INSERT INTO `award` VALUES (3982, 43, 412, '2005-01-16 00:00:00', 7, 2005);
INSERT INTO `award` VALUES (3983, 55, 450, '2005-01-09 00:00:00', 1, 2005);
INSERT INTO `award` VALUES (3984, 42, 451, '2005-01-09 00:00:00', 9, 2005);
INSERT INTO `award` VALUES (3985, 69, 399, '2005-01-02 00:00:00', 8, 2005);
INSERT INTO `award` VALUES (3986, 40, 452, '2005-01-02 00:00:00', 3, 2005);
INSERT INTO `award` VALUES (3987, 70, 386, '2004-12-26 00:00:00', 8, 2005);
INSERT INTO `award` VALUES (3988, 54, 420, '2004-12-26 00:00:00', 8, 2005);
INSERT INTO `award` VALUES (3989, 68, 365, '2004-12-19 00:00:00', 12, 2005);
INSERT INTO `award` VALUES (3990, 54, 408, '2004-12-19 00:00:00', 5, 2005);
INSERT INTO `award` VALUES (3991, 56, 423, '2004-12-12 00:00:00', 3, 2005);
INSERT INTO `award` VALUES (3992, 54, 453, '2004-12-12 00:00:00', 2, 2005);
INSERT INTO `award` VALUES (3993, 67, 454, '2004-12-05 00:00:00', 3, 2005);
INSERT INTO `award` VALUES (3994, 45, 416, '2004-12-05 00:00:00', 6, 2005);
INSERT INTO `award` VALUES (3995, 64, 447, '2004-11-28 00:00:00', 1, 2005);
INSERT INTO `award` VALUES (3996, 54, 408, '2004-11-28 00:00:00', 5, 2005);
INSERT INTO `award` VALUES (3997, 72, 382, '2004-11-21 00:00:00', 10, 2005);
INSERT INTO `award` VALUES (3998, 54, 453, '2004-11-21 00:00:00', 2, 2005);
INSERT INTO `award` VALUES (3999, 64, 447, '2004-11-14 00:00:00', 1, 2005);
INSERT INTO `award` VALUES (4000, 50, 404, '2004-11-14 00:00:00', 8, 2005);
INSERT INTO `award` VALUES (4001, 68, 438, '2004-11-07 00:00:00', 1, 2005);
INSERT INTO `award` VALUES (4002, 39, 395, '2004-11-07 00:00:00', 9, 2005);
INSERT INTO `award` VALUES (4003, 66, 455, '2006-04-16 00:00:00', 1, 2006);
INSERT INTO `award` VALUES (4004, 46, 400, '2006-04-16 00:00:00', 9, 2006);
INSERT INTO `award` VALUES (4005, 69, 456, '2006-04-09 00:00:00', 5, 2006);
INSERT INTO `award` VALUES (4006, 50, 457, '2006-04-09 00:00:00', 3, 2006);
INSERT INTO `award` VALUES (4007, 64, 447, '2006-04-02 00:00:00', 2, 2006);
INSERT INTO `award` VALUES (4008, 43, 436, '2006-04-02 00:00:00', 3, 2006);
INSERT INTO `award` VALUES (4009, 64, 447, '2006-03-26 00:00:00', 2, 2006);
INSERT INTO `award` VALUES (4010, 40, 452, '2006-03-26 00:00:00', 4, 2006);
INSERT INTO `award` VALUES (4011, 64, 447, '2006-03-19 00:00:00', 2, 2006);
INSERT INTO `award` VALUES (4012, 48, 433, '2006-03-19 00:00:00', 2, 2006);
INSERT INTO `award` VALUES (4013, 59, 405, '2006-03-12 00:00:00', 7, 2006);
INSERT INTO `award` VALUES (4014, 47, 445, '2006-03-12 00:00:00', 7, 2006);
INSERT INTO `award` VALUES (4015, 70, 386, '2006-03-05 00:00:00', 9, 2006);
INSERT INTO `award` VALUES (4016, 40, 452, '2006-03-05 00:00:00', 4, 2006);
INSERT INTO `award` VALUES (4017, 67, 454, '2006-02-27 00:00:00', 4, 2006);
INSERT INTO `award` VALUES (4018, 43, 436, '2006-02-27 00:00:00', 3, 2006);
INSERT INTO `award` VALUES (4019, 67, 454, '2006-02-13 00:00:00', 4, 2006);
INSERT INTO `award` VALUES (4020, 42, 458, '2006-02-13 00:00:00', 4, 2006);
INSERT INTO `award` VALUES (4021, 55, 450, '2006-02-06 00:00:00', 2, 2006);
INSERT INTO `award` VALUES (4022, 52, 459, '2006-02-06 00:00:00', 0, 2006);
INSERT INTO `award` VALUES (4023, 64, 447, '2006-01-30 00:00:00', 2, 2006);
INSERT INTO `award` VALUES (4024, 41, 421, '2006-01-30 00:00:00', 6, 2006);
INSERT INTO `award` VALUES (4025, 60, 419, '2006-01-22 00:00:00', 6, 2006);
INSERT INTO `award` VALUES (4026, 46, 400, '2006-01-22 00:00:00', 9, 2006);
INSERT INTO `award` VALUES (4027, 70, 386, '2006-01-15 00:00:00', 9, 2006);
INSERT INTO `award` VALUES (4028, 39, 395, '2006-01-15 00:00:00', 10, 2006);
INSERT INTO `award` VALUES (4029, 55, 460, '2006-01-08 00:00:00', 4, 2006);
INSERT INTO `award` VALUES (4030, 54, 420, '2006-01-08 00:00:00', 9, 2006);
INSERT INTO `award` VALUES (4031, 68, 438, '2006-01-01 00:00:00', 2, 2006);
INSERT INTO `award` VALUES (4032, 54, 408, '2006-01-01 00:00:00', 6, 2006);
INSERT INTO `award` VALUES (4033, 56, 397, '2005-12-26 00:00:00', 7, 2006);
INSERT INTO `award` VALUES (4034, 46, 400, '2005-12-26 00:00:00', 9, 2006);
INSERT INTO `award` VALUES (4035, 58, 461, '2005-12-19 00:00:00', 4, 2006);
INSERT INTO `award` VALUES (4036, 46, 400, '2005-12-19 00:00:00', 9, 2006);
INSERT INTO `award` VALUES (4037, 70, 386, '2005-12-12 00:00:00', 9, 2006);
INSERT INTO `award` VALUES (4038, 41, 421, '2005-12-12 00:00:00', 6, 2006);
INSERT INTO `award` VALUES (4039, 68, 438, '2005-12-05 00:00:00', 2, 2006);
INSERT INTO `award` VALUES (4040, 38, 410, '2005-12-05 00:00:00', 6, 2006);
INSERT INTO `award` VALUES (4041, 62, 462, '2005-11-28 00:00:00', 4, 2006);
INSERT INTO `award` VALUES (4042, 54, 420, '2005-11-28 00:00:00', 9, 2006);
INSERT INTO `award` VALUES (4043, 64, 447, '2005-11-21 00:00:00', 2, 2006);
INSERT INTO `award` VALUES (4044, 41, 421, '2005-11-21 00:00:00', 6, 2006);
INSERT INTO `award` VALUES (4045, 67, 454, '2005-11-14 00:00:00', 4, 2006);
INSERT INTO `award` VALUES (4046, 48, 444, '2005-11-14 00:00:00', 9, 2006);
INSERT INTO `award` VALUES (4047, 61, 463, '2005-11-07 00:00:00', 2, 2006);
INSERT INTO `award` VALUES (4048, 46, 400, '2005-11-07 00:00:00', 9, 2006);
INSERT INTO `award` VALUES (4049, 66, 455, '2007-04-15 00:00:00', 2, 2007);
INSERT INTO `award` VALUES (4050, 43, 412, '2007-04-15 00:00:00', 9, 2007);
INSERT INTO `award` VALUES (4051, 62, 462, '2007-04-08 00:00:00', 5, 2007);
INSERT INTO `award` VALUES (4052, 42, 391, '2007-04-08 00:00:00', 9, 2007);
INSERT INTO `award` VALUES (4053, 55, 450, '2007-04-01 00:00:00', 3, 2007);
INSERT INTO `award` VALUES (4054, 43, 436, '2007-04-01 00:00:00', 4, 2007);
INSERT INTO `award` VALUES (4055, 62, 462, '2007-03-25 00:00:00', 5, 2007);
INSERT INTO `award` VALUES (4056, 46, 400, '2007-03-25 00:00:00', 10, 2007);
INSERT INTO `award` VALUES (4057, 56, 371, '2007-03-18 00:00:00', 12, 2007);
INSERT INTO `award` VALUES (4058, 46, 400, '2007-03-18 00:00:00', 10, 2007);
INSERT INTO `award` VALUES (4059, 64, 447, '2007-03-11 00:00:00', 3, 2007);
INSERT INTO `award` VALUES (4060, 42, 464, '2007-03-11 00:00:00', 4, 2007);
INSERT INTO `award` VALUES (4061, 59, 465, '2007-03-04 00:00:00', 2, 2007);
INSERT INTO `award` VALUES (4062, 47, 466, '2007-03-04 00:00:00', 2, 2007);
INSERT INTO `award` VALUES (4063, 56, 397, '2007-02-25 00:00:00', 8, 2007);
INSERT INTO `award` VALUES (4064, 54, 453, '2007-02-25 00:00:00', 4, 2007);
INSERT INTO `award` VALUES (4065, 68, 438, '2007-02-11 00:00:00', 3, 2007);
INSERT INTO `award` VALUES (4066, 48, 433, '2007-02-11 00:00:00', 3, 2007);
INSERT INTO `award` VALUES (4067, 68, 438, '2007-02-04 00:00:00', 3, 2007);
INSERT INTO `award` VALUES (4068, 44, 467, '2007-02-04 00:00:00', 4, 2007);
INSERT INTO `award` VALUES (4069, 66, 455, '2007-01-28 00:00:00', 2, 2007);
INSERT INTO `award` VALUES (4070, 54, 420, '2007-01-28 00:00:00', 10, 2007);
INSERT INTO `award` VALUES (4071, 67, 468, '2007-01-21 00:00:00', 4, 2007);
INSERT INTO `award` VALUES (4072, 54, 420, '2007-01-21 00:00:00', 10, 2007);
INSERT INTO `award` VALUES (4073, 68, 438, '2007-01-14 00:00:00', 3, 2007);
INSERT INTO `award` VALUES (4074, 45, 416, '2007-01-14 00:00:00', 8, 2007);
INSERT INTO `award` VALUES (4075, 67, 454, '2007-01-07 00:00:00', 5, 2007);
INSERT INTO `award` VALUES (4076, 39, 395, '2007-01-07 00:00:00', 11, 2007);
INSERT INTO `award` VALUES (4077, 61, 469, '2006-12-31 00:00:00', 6, 2007);
INSERT INTO `award` VALUES (4078, 45, 470, '2006-12-31 00:00:00', 3, 2007);
INSERT INTO `award` VALUES (4079, 61, 471, '2006-12-24 00:00:00', 3, 2007);
INSERT INTO `award` VALUES (4080, 45, 470, '2006-12-24 00:00:00', 3, 2007);
INSERT INTO `award` VALUES (4081, 67, 454, '2006-12-17 00:00:00', 5, 2007);
INSERT INTO `award` VALUES (4082, 44, 440, '2006-12-17 00:00:00', 4, 2007);
INSERT INTO `award` VALUES (4083, 67, 454, '2006-12-10 00:00:00', 5, 2007);
INSERT INTO `award` VALUES (4084, 54, 420, '2006-12-10 00:00:00', 10, 2007);
INSERT INTO `award` VALUES (4085, 61, 469, '2006-12-03 00:00:00', 6, 2007);
INSERT INTO `award` VALUES (4086, 48, 433, '2006-12-03 00:00:00', 3, 2007);
INSERT INTO `award` VALUES (4087, 72, 472, '2006-11-26 00:00:00', 2, 2007);
INSERT INTO `award` VALUES (4088, 48, 433, '2006-11-26 00:00:00', 3, 2007);
INSERT INTO `award` VALUES (4089, 64, 447, '2006-11-19 00:00:00', 3, 2007);
INSERT INTO `award` VALUES (4090, 45, 416, '2006-11-19 00:00:00', 8, 2007);
INSERT INTO `award` VALUES (4091, 58, 461, '2006-11-12 00:00:00', 5, 2007);
INSERT INTO `award` VALUES (4092, 43, 436, '2006-11-12 00:00:00', 4, 2007);
INSERT INTO `award` VALUES (4093, 70, 386, '2006-11-06 00:00:00', 10, 2007);
INSERT INTO `award` VALUES (4094, 44, 440, '2006-11-06 00:00:00', 4, 2007);
INSERT INTO `award` VALUES (4095, 59, 395, '2008-04-13 00:00:00', 12, 2008);
INSERT INTO `award` VALUES (4096, 48, 386, '2008-04-13 00:00:00', 11, 2008);
INSERT INTO `award` VALUES (4097, 58, 461, '2008-04-06 00:00:00', 6, 2008);
INSERT INTO `award` VALUES (4098, 46, 400, '2008-04-06 00:00:00', 11, 2008);
INSERT INTO `award` VALUES (4099, 62, 443, '2008-03-30 00:00:00', 6, 2008);
INSERT INTO `award` VALUES (4100, 48, 433, '2008-03-30 00:00:00', 4, 2008);
INSERT INTO `award` VALUES (4101, 59, 395, '2008-03-23 00:00:00', 12, 2008);
INSERT INTO `award` VALUES (4102, 52, 459, '2008-03-23 00:00:00', 2, 2008);
INSERT INTO `award` VALUES (4103, 67, 473, '2008-03-16 00:00:00', 9, 2008);
INSERT INTO `award` VALUES (4104, 54, 453, '2008-03-16 00:00:00', 5, 2008);
INSERT INTO `award` VALUES (4105, 62, 443, '2008-03-09 00:00:00', 6, 2008);
INSERT INTO `award` VALUES (4106, 43, 412, '2008-03-09 00:00:00', 10, 2008);
INSERT INTO `award` VALUES (4107, 70, 415, '2008-03-02 00:00:00', 8, 2008);
INSERT INTO `award` VALUES (4108, 46, 400, '2008-03-02 00:00:00', 11, 2008);
INSERT INTO `award` VALUES (4109, 64, 447, '2008-02-24 00:00:00', 4, 2008);
INSERT INTO `award` VALUES (4110, 42, 464, '2008-02-24 00:00:00', 5, 2008);
INSERT INTO `award` VALUES (4111, 70, 415, '2008-02-10 00:00:00', 8, 2008);
INSERT INTO `award` VALUES (4112, 54, 453, '2008-02-10 00:00:00', 5, 2008);
INSERT INTO `award` VALUES (4113, 72, 474, '2008-02-03 00:00:00', 7, 2008);
INSERT INTO `award` VALUES (4114, 47, 446, '2008-02-03 00:00:00', 9, 2008);
INSERT INTO `award` VALUES (4115, 72, 474, '2008-01-27 00:00:00', 7, 2008);
INSERT INTO `award` VALUES (4116, 39, 465, '2008-01-27 00:00:00', 3, 2008);
INSERT INTO `award` VALUES (4117, 62, 462, '2008-01-20 00:00:00', 6, 2008);
INSERT INTO `award` VALUES (4118, 38, 410, '2008-01-20 00:00:00', 8, 2008);
INSERT INTO `award` VALUES (4119, 55, 450, '2008-01-13 00:00:00', 4, 2008);
INSERT INTO `award` VALUES (4120, 46, 400, '2008-01-13 00:00:00', 11, 2008);
INSERT INTO `award` VALUES (4121, 64, 447, '2008-01-06 00:00:00', 4, 2008);
INSERT INTO `award` VALUES (4122, 48, 386, '2008-01-06 00:00:00', 11, 2008);
INSERT INTO `award` VALUES (4123, 59, 405, '2007-12-30 00:00:00', 9, 2008);
INSERT INTO `award` VALUES (4124, 52, 459, '2007-12-30 00:00:00', 2, 2008);
INSERT INTO `award` VALUES (4125, 58, 461, '2007-12-23 00:00:00', 6, 2008);
INSERT INTO `award` VALUES (4126, 48, 433, '2007-12-23 00:00:00', 4, 2008);
INSERT INTO `award` VALUES (4127, 59, 405, '2007-12-16 00:00:00', 9, 2008);
INSERT INTO `award` VALUES (4128, 53, 475, '2007-12-16 00:00:00', 1, 2008);
INSERT INTO `award` VALUES (4129, 58, 476, '2007-12-09 00:00:00', 3, 2008);
INSERT INTO `award` VALUES (4130, 53, 475, '2007-12-09 00:00:00', 1, 2008);
INSERT INTO `award` VALUES (4131, 72, 472, '2007-12-02 00:00:00', 3, 2008);
INSERT INTO `award` VALUES (4132, 38, 477, '2007-12-02 00:00:00', 10, 2008);
INSERT INTO `award` VALUES (4133, 64, 447, '2007-11-25 00:00:00', 4, 2008);
INSERT INTO `award` VALUES (4134, 42, 458, '2007-11-25 00:00:00', 6, 2008);
INSERT INTO `award` VALUES (4135, 72, 472, '2007-11-18 00:00:00', 3, 2008);
INSERT INTO `award` VALUES (4136, 48, 386, '2007-11-18 00:00:00', 11, 2008);
INSERT INTO `award` VALUES (4137, 59, 395, '2007-11-11 00:00:00', 12, 2008);
INSERT INTO `award` VALUES (4138, 43, 436, '2007-11-11 00:00:00', 5, 2008);
INSERT INTO `award` VALUES (4139, 65, 478, '2007-11-04 00:00:00', 2, 2008);
INSERT INTO `award` VALUES (4140, 43, 412, '2007-11-04 00:00:00', 10, 2008);
INSERT INTO `award` VALUES (4141, 66, 455, '2009-04-13 00:00:00', 4, 2009);
INSERT INTO `award` VALUES (4142, 53, 475, '2009-04-13 00:00:00', 2, 2009);
INSERT INTO `award` VALUES (4143, 72, 472, '2009-04-06 00:00:00', 4, 2009);
INSERT INTO `award` VALUES (4144, 45, 371, '2009-04-06 00:00:00', 14, 2009);
INSERT INTO `award` VALUES (4145, 72, 472, '2009-03-30 00:00:00', 4, 2009);
INSERT INTO `award` VALUES (4146, 42, 458, '2009-03-30 00:00:00', 7, 2009);
INSERT INTO `award` VALUES (4147, 64, 447, '2009-03-23 00:00:00', 5, 2009);
INSERT INTO `award` VALUES (4148, 52, 459, '2009-03-23 00:00:00', 3, 2009);
INSERT INTO `award` VALUES (4149, 64, 447, '2009-03-16 00:00:00', 5, 2009);
INSERT INTO `award` VALUES (4150, 46, 400, '2009-03-16 00:00:00', 12, 2009);
INSERT INTO `award` VALUES (4151, 68, 438, '2009-03-09 00:00:00', 5, 2009);
INSERT INTO `award` VALUES (4152, 44, 479, '2009-03-09 00:00:00', 3, 2009);
INSERT INTO `award` VALUES (4153, 56, 480, '2009-03-02 00:00:00', 4, 2009);
INSERT INTO `award` VALUES (4154, 52, 481, '2009-03-02 00:00:00', 5, 2009);
INSERT INTO `award` VALUES (4155, 72, 472, '2009-02-23 00:00:00', 4, 2009);
INSERT INTO `award` VALUES (4156, 46, 452, '2009-02-23 00:00:00', 7, 2009);
INSERT INTO `award` VALUES (4157, 64, 447, '2009-02-09 00:00:00', 5, 2009);
INSERT INTO `award` VALUES (4158, 46, 452, '2009-02-09 00:00:00', 7, 2009);
INSERT INTO `award` VALUES (4159, 69, 482, '2009-02-02 00:00:00', 3, 2009);
INSERT INTO `award` VALUES (4160, 42, 458, '2009-02-02 00:00:00', 7, 2009);
INSERT INTO `award` VALUES (4161, 64, 447, '2009-01-26 00:00:00', 5, 2009);
INSERT INTO `award` VALUES (4162, 46, 483, '2009-01-26 00:00:00', 3, 2009);
INSERT INTO `award` VALUES (4163, 72, 484, '2009-01-19 00:00:00', 4, 2009);
INSERT INTO `award` VALUES (4164, 52, 459, '2009-01-19 00:00:00', 3, 2009);
INSERT INTO `award` VALUES (4165, 72, 472, '2009-01-12 00:00:00', 4, 2009);
INSERT INTO `award` VALUES (4166, 46, 400, '2009-01-12 00:00:00', 12, 2009);
INSERT INTO `award` VALUES (4167, 60, 485, '2009-01-05 00:00:00', 1, 2009);
INSERT INTO `award` VALUES (4168, 39, 465, '2009-01-05 00:00:00', 4, 2009);
INSERT INTO `award` VALUES (4169, 64, 447, '2008-12-29 00:00:00', 5, 2009);
INSERT INTO `award` VALUES (4170, 46, 400, '2008-12-29 00:00:00', 12, 2009);
INSERT INTO `award` VALUES (4171, 72, 484, '2008-12-22 00:00:00', 4, 2009);
INSERT INTO `award` VALUES (4172, 52, 459, '2008-12-22 00:00:00', 3, 2009);
INSERT INTO `award` VALUES (4173, 69, 486, '2008-12-15 00:00:00', 10, 2009);
INSERT INTO `award` VALUES (4174, 42, 391, '2008-12-15 00:00:00', 11, 2009);
INSERT INTO `award` VALUES (4175, 68, 438, '2008-12-08 00:00:00', 5, 2009);
INSERT INTO `award` VALUES (4176, 45, 416, '2008-12-08 00:00:00', 10, 2009);
INSERT INTO `award` VALUES (4177, 56, 480, '2008-12-01 00:00:00', 4, 2009);
INSERT INTO `award` VALUES (4178, 53, 475, '2008-12-01 00:00:00', 2, 2009);
INSERT INTO `award` VALUES (4179, 68, 438, '2008-11-24 00:00:00', 5, 2009);
INSERT INTO `award` VALUES (4180, 45, 416, '2008-11-24 00:00:00', 10, 2009);
INSERT INTO `award` VALUES (4181, 64, 447, '2008-11-17 00:00:00', 5, 2009);
INSERT INTO `award` VALUES (4182, 48, 426, '2008-11-17 00:00:00', 11, 2009);
INSERT INTO `award` VALUES (4183, 64, 447, '2008-11-10 00:00:00', 5, 2009);
INSERT INTO `award` VALUES (4184, 54, 453, '2008-11-10 00:00:00', 6, 2009);
INSERT INTO `award` VALUES (4185, 55, 450, '2008-11-03 00:00:00', 5, 2009);
INSERT INTO `award` VALUES (4186, 52, 459, '2008-11-03 00:00:00', 3, 2009);
INSERT INTO `award` VALUES (4187, 72, 472, '2010-04-12 00:00:00', 5, 2010);
INSERT INTO `award` VALUES (4188, 45, 416, '2010-04-12 00:00:00', 11, 2010);
INSERT INTO `award` VALUES (4189, 55, 450, '2010-04-05 00:00:00', 6, 2010);
INSERT INTO `award` VALUES (4190, 51, 487, '2010-04-05 00:00:00', 2, 2010);
INSERT INTO `award` VALUES (4191, 68, 438, '2010-03-29 00:00:00', 6, 2010);
INSERT INTO `award` VALUES (4192, 42, 464, '2010-03-29 00:00:00', 7, 2010);
INSERT INTO `award` VALUES (4193, 59, 405, '2010-03-22 00:00:00', 11, 2010);
INSERT INTO `award` VALUES (4194, 46, 452, '2010-03-22 00:00:00', 8, 2010);
INSERT INTO `award` VALUES (4195, 61, 488, '2010-03-15 00:00:00', 4, 2010);
INSERT INTO `award` VALUES (4196, 53, 475, '2010-03-15 00:00:00', 3, 2010);
INSERT INTO `award` VALUES (4197, 68, 438, '2010-03-08 00:00:00', 6, 2010);
INSERT INTO `award` VALUES (4198, 45, 416, '2010-03-08 00:00:00', 11, 2010);
INSERT INTO `award` VALUES (4199, 64, 447, '2010-03-01 00:00:00', 6, 2010);
INSERT INTO `award` VALUES (4200, 45, 416, '2010-03-01 00:00:00', 11, 2010);
INSERT INTO `award` VALUES (4201, 72, 472, '2010-02-22 00:00:00', 5, 2010);
INSERT INTO `award` VALUES (4202, 44, 440, '2010-02-22 00:00:00', 7, 2010);
INSERT INTO `award` VALUES (4203, 64, 447, '2010-02-08 00:00:00', 6, 2010);
INSERT INTO `award` VALUES (4204, 51, 489, '2010-02-08 00:00:00', 1, 2010);
INSERT INTO `award` VALUES (4205, 55, 450, '2010-02-01 00:00:00', 6, 2010);
INSERT INTO `award` VALUES (4206, 51, 487, '2010-02-01 00:00:00', 2, 2010);
INSERT INTO `award` VALUES (4207, 64, 447, '2010-01-25 00:00:00', 6, 2010);
INSERT INTO `award` VALUES (4208, 48, 426, '2010-01-25 00:00:00', 12, 2010);
INSERT INTO `award` VALUES (4209, 62, 477, '2010-01-19 00:00:00', 12, 2010);
INSERT INTO `award` VALUES (4210, 48, 433, '2010-01-19 00:00:00', 6, 2010);
INSERT INTO `award` VALUES (4211, 64, 447, '2010-01-11 00:00:00', 6, 2010);
INSERT INTO `award` VALUES (4212, 41, 490, '2010-01-11 00:00:00', 6, 2010);
INSERT INTO `award` VALUES (4213, 66, 491, '2010-01-04 00:00:00', 1, 2010);
INSERT INTO `award` VALUES (4214, 51, 487, '2010-01-04 00:00:00', 2, 2010);
INSERT INTO `award` VALUES (4215, 64, 447, '2009-12-28 00:00:00', 6, 2010);
INSERT INTO `award` VALUES (4216, 46, 400, '2009-12-28 00:00:00', 13, 2010);
INSERT INTO `award` VALUES (4217, 72, 472, '2009-12-21 00:00:00', 5, 2010);
INSERT INTO `award` VALUES (4218, 46, 400, '2009-12-21 00:00:00', 13, 2010);
INSERT INTO `award` VALUES (4219, 60, 485, '2009-12-14 00:00:00', 2, 2010);
INSERT INTO `award` VALUES (4220, 44, 479, '2009-12-14 00:00:00', 4, 2010);
INSERT INTO `award` VALUES (4221, 59, 395, '2009-12-07 00:00:00', 14, 2010);
INSERT INTO `award` VALUES (4222, 44, 440, '2009-12-07 00:00:00', 7, 2010);
INSERT INTO `award` VALUES (4223, 62, 462, '2009-11-30 00:00:00', 8, 2010);
INSERT INTO `award` VALUES (4224, 42, 391, '2009-11-30 00:00:00', 12, 2010);
INSERT INTO `award` VALUES (4225, 64, 447, '2009-11-23 00:00:00', 6, 2010);
INSERT INTO `award` VALUES (4226, 46, 400, '2009-11-23 00:00:00', 13, 2010);
INSERT INTO `award` VALUES (4227, 61, 492, '2009-11-16 00:00:00', 0, 2010);
INSERT INTO `award` VALUES (4228, 45, 416, '2009-11-16 00:00:00', 11, 2010);
INSERT INTO `award` VALUES (4229, 58, 461, '2009-11-09 00:00:00', 8, 2010);
INSERT INTO `award` VALUES (4230, 41, 490, '2009-11-09 00:00:00', 6, 2010);
INSERT INTO `award` VALUES (4231, 72, 472, '2009-11-02 00:00:00', 5, 2010);
INSERT INTO `award` VALUES (4232, 48, 433, '2009-11-02 00:00:00', 6, 2010);
INSERT INTO `award` VALUES (4233, 69, 433, '2011-04-11 00:00:00', 7, 2011);
INSERT INTO `award` VALUES (4234, 51, 487, '2011-04-11 00:00:00', 3, 2011);
INSERT INTO `award` VALUES (4235, 69, 433, '2011-04-04 00:00:00', 7, 2011);
INSERT INTO `award` VALUES (4236, 40, 493, '2011-04-04 00:00:00', 9, 2011);
INSERT INTO `award` VALUES (4237, 72, 472, '2011-03-28 00:00:00', 6, 2011);
INSERT INTO `award` VALUES (4238, 46, 400, '2011-03-28 00:00:00', 14, 2011);
INSERT INTO `award` VALUES (4239, 68, 447, '2011-03-21 00:00:00', 7, 2011);
INSERT INTO `award` VALUES (4240, 43, 494, '2011-03-21 00:00:00', 4, 2011);
INSERT INTO `award` VALUES (4241, 68, 438, '2011-03-14 00:00:00', 7, 2011);
INSERT INTO `award` VALUES (4242, 42, 458, '2011-03-14 00:00:00', 9, 2011);
INSERT INTO `award` VALUES (4243, 59, 405, '2011-03-07 00:00:00', 12, 2011);
INSERT INTO `award` VALUES (4244, 51, 489, '2011-03-07 00:00:00', 2, 2011);
INSERT INTO `award` VALUES (4245, 72, 472, '2011-02-28 00:00:00', 6, 2011);
INSERT INTO `award` VALUES (4246, 43, 466, '2011-02-28 00:00:00', 6, 2011);
INSERT INTO `award` VALUES (4247, 72, 472, '2011-02-14 00:00:00', 6, 2011);
INSERT INTO `award` VALUES (4248, 53, 495, '2011-02-14 00:00:00', 4, 2011);
INSERT INTO `award` VALUES (4249, 68, 447, '2011-02-07 00:00:00', 7, 2011);
INSERT INTO `award` VALUES (4250, 51, 487, '2011-02-07 00:00:00', 3, 2011);
INSERT INTO `award` VALUES (4251, 68, 447, '2011-01-31 00:00:00', 7, 2011);
INSERT INTO `award` VALUES (4252, 40, 493, '2011-01-31 00:00:00', 9, 2011);
INSERT INTO `award` VALUES (4253, 72, 472, '2011-01-24 00:00:00', 6, 2011);
INSERT INTO `award` VALUES (4254, 53, 495, '2011-01-24 00:00:00', 4, 2011);
INSERT INTO `award` VALUES (4255, 66, 491, '2011-01-18 00:00:00', 2, 2011);
INSERT INTO `award` VALUES (4256, 51, 489, '2011-01-18 00:00:00', 2, 2011);
INSERT INTO `award` VALUES (4257, 68, 447, '2011-01-10 00:00:00', 7, 2011);
INSERT INTO `award` VALUES (4258, 40, 493, '2011-01-10 00:00:00', 9, 2011);
INSERT INTO `award` VALUES (4259, 68, 438, '2011-01-03 00:00:00', 7, 2011);
INSERT INTO `award` VALUES (4260, 48, 426, '2011-01-03 00:00:00', 13, 2011);
INSERT INTO `award` VALUES (4261, 68, 447, '2010-12-27 00:00:00', 7, 2011);
INSERT INTO `award` VALUES (4262, 38, 496, '2010-12-27 00:00:00', 5, 2011);
INSERT INTO `award` VALUES (4263, 59, 405, '2010-12-20 00:00:00', 12, 2011);
INSERT INTO `award` VALUES (4264, 42, 458, '2010-12-20 00:00:00', 9, 2011);
INSERT INTO `award` VALUES (4265, 68, 438, '2010-12-13 00:00:00', 7, 2011);
INSERT INTO `award` VALUES (4266, 45, 416, '2010-12-13 00:00:00', 12, 2011);
INSERT INTO `award` VALUES (4267, 69, 453, '2010-12-06 00:00:00', 8, 2011);
INSERT INTO `award` VALUES (4268, 51, 489, '2010-12-06 00:00:00', 2, 2011);
INSERT INTO `award` VALUES (4269, 72, 472, '2010-11-29 00:00:00', 6, 2011);
INSERT INTO `award` VALUES (4270, 45, 416, '2010-11-29 00:00:00', 12, 2011);
INSERT INTO `award` VALUES (4271, 69, 453, '2010-11-22 00:00:00', 8, 2011);
INSERT INTO `award` VALUES (4272, 51, 489, '2010-11-22 00:00:00', 2, 2011);
INSERT INTO `award` VALUES (4273, 66, 491, '2010-11-15 00:00:00', 2, 2011);
INSERT INTO `award` VALUES (4274, 44, 479, '2010-11-15 00:00:00', 5, 2011);
INSERT INTO `award` VALUES (4275, 72, 472, '2010-11-08 00:00:00', 6, 2011);
INSERT INTO `award` VALUES (4276, 52, 459, '2010-11-08 00:00:00', 5, 2011);
INSERT INTO `award` VALUES (4277, 59, 497, '2010-11-01 00:00:00', 4, 2011);
INSERT INTO `award` VALUES (4278, 46, 452, '2010-11-01 00:00:00', 9, 2011);
INSERT INTO `award` VALUES (4279, 68, 447, '2012-04-23 00:00:00', 8, 2012);
INSERT INTO `award` VALUES (4280, 44, 465, '2012-04-23 00:00:00', 7, 2012);
INSERT INTO `award` VALUES (4281, 59, 395, '2012-04-16 00:00:00', 16, 2012);
INSERT INTO `award` VALUES (4282, 46, 483, '2012-04-16 00:00:00', 6, 2012);
INSERT INTO `award` VALUES (4283, 68, 447, '2012-04-09 00:00:00', 8, 2012);
INSERT INTO `award` VALUES (4284, 43, 498, '2012-04-09 00:00:00', 3, 2012);
INSERT INTO `award` VALUES (4285, 59, 405, '2012-04-02 00:00:00', 13, 2012);
INSERT INTO `award` VALUES (4286, 41, 459, '2012-04-02 00:00:00', 6, 2012);
INSERT INTO `award` VALUES (4287, 58, 461, '2012-03-26 00:00:00', 10, 2012);
INSERT INTO `award` VALUES (4288, 51, 487, '2012-03-26 00:00:00', 4, 2012);
INSERT INTO `award` VALUES (4289, 61, 499, '2012-03-19 00:00:00', 9, 2012);
INSERT INTO `award` VALUES (4290, 46, 483, '2012-03-19 00:00:00', 6, 2012);
INSERT INTO `award` VALUES (4291, 61, 500, '2012-03-12 00:00:00', 4, 2012);
INSERT INTO `award` VALUES (4292, 38, 496, '2012-03-12 00:00:00', 6, 2012);
INSERT INTO `award` VALUES (4293, 66, 491, '2012-03-05 00:00:00', 3, 2012);
INSERT INTO `award` VALUES (4294, 48, 501, '2012-03-05 00:00:00', 2, 2012);
INSERT INTO `award` VALUES (4295, 68, 447, '2012-02-20 00:00:00', 8, 2012);
INSERT INTO `award` VALUES (4296, 51, 487, '2012-02-20 00:00:00', 4, 2012);
INSERT INTO `award` VALUES (4297, 69, 502, '2012-02-13 00:00:00', 1, 2012);
INSERT INTO `award` VALUES (4298, 51, 489, '2012-02-13 00:00:00', 3, 2012);
INSERT INTO `award` VALUES (4299, 59, 405, '2012-02-06 00:00:00', 13, 2012);
INSERT INTO `award` VALUES (4300, 42, 458, '2012-02-06 00:00:00', 10, 2012);
INSERT INTO `award` VALUES (4301, 68, 447, '2012-01-30 00:00:00', 8, 2012);
INSERT INTO `award` VALUES (4302, 51, 489, '2012-01-30 00:00:00', 3, 2012);
INSERT INTO `award` VALUES (4303, 72, 472, '2012-01-23 00:00:00', 7, 2012);
INSERT INTO `award` VALUES (4304, 40, 503, '2012-01-23 00:00:00', 3, 2012);
INSERT INTO `award` VALUES (4305, 66, 491, '2012-01-16 00:00:00', 3, 2012);
INSERT INTO `award` VALUES (4306, 46, 400, '2012-01-16 00:00:00', 15, 2012);
INSERT INTO `award` VALUES (4307, 68, 447, '2012-01-09 00:00:00', 8, 2012);
INSERT INTO `award` VALUES (4308, 46, 400, '2012-01-09 00:00:00', 15, 2012);
INSERT INTO `award` VALUES (4309, 68, 447, '2012-01-03 00:00:00', 8, 2012);
INSERT INTO `award` VALUES (4310, 51, 487, '2012-01-03 00:00:00', 4, 2012);
INSERT INTO `award` VALUES (4311, 69, 433, '2013-04-15 00:00:00', 9, 2013);
INSERT INTO `award` VALUES (4312, 46, 400, '2013-04-15 00:00:00', 16, 2013);
INSERT INTO `award` VALUES (4313, 69, 433, '2013-04-08 00:00:00', 9, 2013);
INSERT INTO `award` VALUES (4314, 39, 504, '2013-04-08 00:00:00', 2, 2013);
INSERT INTO `award` VALUES (4315, 69, 505, '2013-04-01 00:00:00', 8, 2013);
INSERT INTO `award` VALUES (4316, 44, 465, '2013-04-01 00:00:00', 8, 2013);
INSERT INTO `award` VALUES (4317, 68, 447, '2013-03-25 00:00:00', 9, 2013);
INSERT INTO `award` VALUES (4318, 43, 506, '2013-03-25 00:00:00', 3, 2013);
INSERT INTO `award` VALUES (4319, 67, 507, '2013-03-18 00:00:00', 2, 2013);
INSERT INTO `award` VALUES (4320, 53, 495, '2013-03-18 00:00:00', 6, 2013);
INSERT INTO `award` VALUES (4321, 68, 438, '2013-03-11 00:00:00', 9, 2013);
INSERT INTO `award` VALUES (4322, 46, 400, '2013-03-11 00:00:00', 16, 2013);
INSERT INTO `award` VALUES (4323, 61, 496, '2013-03-04 00:00:00', 7, 2013);
INSERT INTO `award` VALUES (4324, 48, 501, '2013-03-04 00:00:00', 3, 2013);
INSERT INTO `award` VALUES (4325, 68, 447, '2013-02-25 00:00:00', 9, 2013);
INSERT INTO `award` VALUES (4326, 46, 400, '2013-02-25 00:00:00', 16, 2013);
INSERT INTO `award` VALUES (4327, 68, 447, '2013-02-11 00:00:00', 9, 2013);
INSERT INTO `award` VALUES (4328, 51, 489, '2013-02-11 00:00:00', 4, 2013);
INSERT INTO `award` VALUES (4329, 66, 508, '2013-02-04 00:00:00', 7, 2013);
INSERT INTO `award` VALUES (4330, 38, 482, '2013-02-04 00:00:00', 7, 2013);
INSERT INTO `award` VALUES (4331, 64, 509, '2013-01-28 00:00:00', 1, 2013);
INSERT INTO `award` VALUES (4332, 42, 458, '2013-01-28 00:00:00', 11, 2013);
INSERT INTO `award` VALUES (4333, 66, 440, '2013-01-21 00:00:00', 10, 2013);
INSERT INTO `award` VALUES (4334, 51, 487, '2013-01-21 00:00:00', 5, 2013);
INSERT INTO `award` VALUES (4335, 61, 492, '2013-01-14 00:00:00', 3, 2013);
INSERT INTO `award` VALUES (4336, 51, 487, '2013-01-14 00:00:00', 5, 2013);
INSERT INTO `award` VALUES (4337, 69, 433, '2013-01-07 00:00:00', 9, 2013);
INSERT INTO `award` VALUES (4338, 43, 506, '2013-01-07 00:00:00', 3, 2013);
INSERT INTO `award` VALUES (4339, 61, 496, '2012-12-31 00:00:00', 7, 2013);
INSERT INTO `award` VALUES (4340, 52, 510, '2012-12-31 00:00:00', 2, 2013);
INSERT INTO `award` VALUES (4341, 68, 447, '2012-12-24 00:00:00', 9, 2013);
INSERT INTO `award` VALUES (4342, 41, 459, '2012-12-24 00:00:00', 7, 2013);
INSERT INTO `award` VALUES (4343, 65, 511, '2012-12-17 00:00:00', 2, 2013);
INSERT INTO `award` VALUES (4344, 38, 482, '2012-12-17 00:00:00', 7, 2013);
INSERT INTO `award` VALUES (4345, 58, 476, '2012-12-10 00:00:00', 8, 2013);
INSERT INTO `award` VALUES (4346, 41, 512, '2012-12-10 00:00:00', 3, 2013);
INSERT INTO `award` VALUES (4347, 69, 433, '2012-12-03 00:00:00', 9, 2013);
INSERT INTO `award` VALUES (4348, 51, 487, '2012-12-03 00:00:00', 5, 2013);
INSERT INTO `award` VALUES (4349, 58, 513, '2012-11-26 00:00:00', 5, 2013);
INSERT INTO `award` VALUES (4350, 42, 391, '2012-11-26 00:00:00', 15, 2013);
INSERT INTO `award` VALUES (4351, 68, 447, '2012-11-19 00:00:00', 9, 2013);
INSERT INTO `award` VALUES (4352, 51, 487, '2012-11-19 00:00:00', 5, 2013);
INSERT INTO `award` VALUES (4353, 68, 447, '2012-11-12 00:00:00', 9, 2013);
INSERT INTO `award` VALUES (4354, 48, 514, '2012-11-12 00:00:00', 1, 2013);
INSERT INTO `award` VALUES (4355, 61, 492, '2012-11-05 00:00:00', 3, 2013);
INSERT INTO `award` VALUES (4356, 43, 506, '2012-11-05 00:00:00', 3, 2013);
INSERT INTO `award` VALUES (4357, 58, 515, '2014-04-14 00:00:00', 4, 2014);
INSERT INTO `award` VALUES (4358, 45, 496, '2014-04-14 00:00:00', 8, 2014);
INSERT INTO `award` VALUES (4359, 62, 465, '2014-04-07 00:00:00', 9, 2014);
INSERT INTO `award` VALUES (4360, 45, 416, '2014-04-07 00:00:00', 15, 2014);
INSERT INTO `award` VALUES (4361, 72, 516, '2014-03-31 00:00:00', 2, 2014);
INSERT INTO `award` VALUES (4362, 42, 391, '2014-03-31 00:00:00', 16, 2014);
INSERT INTO `award` VALUES (4363, 71, 461, '2014-03-24 00:00:00', 12, 2014);
INSERT INTO `award` VALUES (4364, 51, 487, '2014-03-24 00:00:00', 6, 2014);
INSERT INTO `award` VALUES (4365, 62, 465, '2014-03-17 00:00:00', 9, 2014);
INSERT INTO `award` VALUES (4366, 41, 512, '2014-03-17 00:00:00', 4, 2014);
INSERT INTO `award` VALUES (4367, 69, 433, '2014-03-10 00:00:00', 10, 2014);
INSERT INTO `award` VALUES (4368, 43, 506, '2014-03-10 00:00:00', 4, 2014);
INSERT INTO `award` VALUES (4369, 67, 507, '2014-03-03 00:00:00', 3, 2014);
INSERT INTO `award` VALUES (4370, 43, 506, '2014-03-03 00:00:00', 4, 2014);
INSERT INTO `award` VALUES (4371, 62, 517, '2014-02-24 00:00:00', 2, 2014);
INSERT INTO `award` VALUES (4372, 39, 518, '2014-02-24 00:00:00', 5, 2014);
INSERT INTO `award` VALUES (4373, 59, 519, '2014-02-10 00:00:00', 1, 2014);
INSERT INTO `award` VALUES (4374, 51, 487, '2014-02-10 00:00:00', 6, 2014);
INSERT INTO `award` VALUES (4375, 55, 494, '2014-02-03 00:00:00', 7, 2014);
INSERT INTO `award` VALUES (4376, 54, 498, '2014-02-03 00:00:00', 5, 2014);
INSERT INTO `award` VALUES (4377, 58, 520, '2014-01-27 00:00:00', 7, 2014);
INSERT INTO `award` VALUES (4378, 51, 487, '2014-01-27 00:00:00', 6, 2014);
INSERT INTO `award` VALUES (4379, 65, 511, '2014-01-20 00:00:00', 3, 2014);
INSERT INTO `award` VALUES (4380, 51, 487, '2014-01-20 00:00:00', 6, 2014);
INSERT INTO `award` VALUES (4381, 69, 433, '2014-01-13 00:00:00', 10, 2014);
INSERT INTO `award` VALUES (4382, 47, 521, '2014-01-13 00:00:00', 3, 2014);
INSERT INTO `award` VALUES (4383, 70, 522, '2014-01-06 00:00:00', 6, 2014);
INSERT INTO `award` VALUES (4384, 38, 482, '2014-01-06 00:00:00', 8, 2014);
INSERT INTO `award` VALUES (4385, 68, 450, '2013-12-30 00:00:00', 10, 2014);
INSERT INTO `award` VALUES (4386, 51, 487, '2013-12-30 00:00:00', 6, 2014);
INSERT INTO `award` VALUES (4387, 68, 438, '2013-12-23 00:00:00', 10, 2014);
INSERT INTO `award` VALUES (4388, 41, 512, '2013-12-23 00:00:00', 4, 2014);
INSERT INTO `award` VALUES (4389, 64, 509, '2013-12-16 00:00:00', 2, 2014);
INSERT INTO `award` VALUES (4390, 53, 495, '2013-12-16 00:00:00', 7, 2014);
INSERT INTO `award` VALUES (4391, 59, 523, '2013-12-09 00:00:00', 3, 2014);
INSERT INTO `award` VALUES (4392, 53, 495, '2013-12-09 00:00:00', 7, 2014);
INSERT INTO `award` VALUES (4393, 68, 447, '2013-12-02 00:00:00', 10, 2014);
INSERT INTO `award` VALUES (4394, 51, 487, '2013-12-02 00:00:00', 6, 2014);
INSERT INTO `award` VALUES (4395, 67, 507, '2013-11-25 00:00:00', 3, 2014);
INSERT INTO `award` VALUES (4396, 53, 495, '2013-11-25 00:00:00', 7, 2014);
INSERT INTO `award` VALUES (4397, 68, 447, '2013-11-18 00:00:00', 10, 2014);
INSERT INTO `award` VALUES (4398, 41, 512, '2013-11-18 00:00:00', 4, 2014);
INSERT INTO `award` VALUES (4399, 65, 511, '2013-11-11 00:00:00', 3, 2014);
INSERT INTO `award` VALUES (4400, 54, 524, '2013-11-11 00:00:00', 2, 2014);
INSERT INTO `award` VALUES (4401, 70, 525, '2013-11-04 00:00:00', 0, 2014);
INSERT INTO `award` VALUES (4402, 39, 518, '2013-11-04 00:00:00', 5, 2014);
INSERT INTO `award` VALUES (4403, 59, 526, '2015-04-13 00:00:00', 3, 2015);
INSERT INTO `award` VALUES (4404, 42, 391, '2015-04-13 00:00:00', 17, 2015);
INSERT INTO `award` VALUES (4405, 71, 527, '2015-04-06 00:00:00', 6, 2015);
INSERT INTO `award` VALUES (4406, 43, 506, '2015-04-06 00:00:00', 5, 2015);
INSERT INTO `award` VALUES (4407, 71, 527, '2015-03-30 00:00:00', 6, 2015);
INSERT INTO `award` VALUES (4408, 38, 528, '2015-03-30 00:00:00', 5, 2015);
INSERT INTO `award` VALUES (4409, 68, 438, '2015-03-23 00:00:00', 11, 2015);
INSERT INTO `award` VALUES (4410, 41, 459, '2015-03-23 00:00:00', 9, 2015);
INSERT INTO `award` VALUES (4411, 64, 509, '2015-03-16 00:00:00', 3, 2015);
INSERT INTO `award` VALUES (4412, 49, 529, '2015-03-16 00:00:00', 2, 2015);
INSERT INTO `award` VALUES (4413, 63, 471, '2015-03-09 00:00:00', 11, 2015);
INSERT INTO `award` VALUES (4414, 51, 489, '2015-03-09 00:00:00', 6, 2015);
INSERT INTO `award` VALUES (4415, 59, 526, '2015-03-02 00:00:00', 3, 2015);
INSERT INTO `award` VALUES (4416, 53, 530, '2015-03-02 00:00:00', 2, 2015);
INSERT INTO `award` VALUES (4417, 61, 531, '2015-02-09 00:00:00', 1, 2015);
INSERT INTO `award` VALUES (4418, 51, 489, '2015-02-09 00:00:00', 6, 2015);
INSERT INTO `award` VALUES (4419, 64, 509, '2015-02-02 00:00:00', 3, 2015);
INSERT INTO `award` VALUES (4420, 40, 493, '2015-02-02 00:00:00', 13, 2015);
INSERT INTO `award` VALUES (4421, 64, 447, '2015-01-26 00:00:00', 11, 2015);
INSERT INTO `award` VALUES (4422, 38, 532, '2015-01-26 00:00:00', 3, 2015);
INSERT INTO `award` VALUES (4423, 58, 513, '2015-01-19 00:00:00', 7, 2015);
INSERT INTO `award` VALUES (4424, 39, 471, '2015-01-19 00:00:00', 11, 2015);
INSERT INTO `award` VALUES (4425, 63, 517, '2015-01-12 00:00:00', 3, 2015);
INSERT INTO `award` VALUES (4426, 38, 532, '2015-01-12 00:00:00', 3, 2015);
INSERT INTO `award` VALUES (4427, 58, 515, '2015-01-05 00:00:00', 5, 2015);
INSERT INTO `award` VALUES (4428, 51, 487, '2015-01-05 00:00:00', 7, 2015);
INSERT INTO `award` VALUES (4429, 66, 533, '2014-12-29 00:00:00', 3, 2015);
INSERT INTO `award` VALUES (4430, 43, 506, '2014-12-29 00:00:00', 5, 2015);
INSERT INTO `award` VALUES (4431, 58, 513, '2014-12-22 00:00:00', 7, 2015);
INSERT INTO `award` VALUES (4432, 53, 495, '2014-12-22 00:00:00', 8, 2015);
INSERT INTO `award` VALUES (4433, 67, 507, '2014-12-15 00:00:00', 4, 2015);
INSERT INTO `award` VALUES (4434, 43, 506, '2014-12-15 00:00:00', 5, 2015);
INSERT INTO `award` VALUES (4435, 55, 494, '2014-12-08 00:00:00', 8, 2015);
INSERT INTO `award` VALUES (4436, 53, 495, '2014-12-08 00:00:00', 8, 2015);
INSERT INTO `award` VALUES (4437, 64, 447, '2014-12-01 00:00:00', 11, 2015);
INSERT INTO `award` VALUES (4438, 41, 512, '2014-12-01 00:00:00', 5, 2015);
INSERT INTO `award` VALUES (4439, 55, 534, '2014-11-24 00:00:00', 9, 2015);
INSERT INTO `award` VALUES (4440, 47, 521, '2014-11-24 00:00:00', 4, 2015);
INSERT INTO `award` VALUES (4441, 64, 447, '2014-11-17 00:00:00', 11, 2015);
INSERT INTO `award` VALUES (4442, 53, 530, '2014-11-17 00:00:00', 2, 2015);
INSERT INTO `award` VALUES (4443, 71, 479, '2014-11-10 00:00:00', 9, 2015);
INSERT INTO `award` VALUES (4444, 38, 528, '2014-11-10 00:00:00', 5, 2015);
INSERT INTO `award` VALUES (4445, 68, 450, '2014-11-03 00:00:00', 11, 2015);
INSERT INTO `award` VALUES (4446, 38, 532, '2014-11-03 00:00:00', 3, 2015);
INSERT INTO `award` VALUES (4447, 58, 520, '2016-04-11 00:00:00', 9, 2016);
INSERT INTO `award` VALUES (4448, 39, 535, '2016-04-11 00:00:00', 0, 2016);
INSERT INTO `award` VALUES (4449, 64, 447, '2016-04-04 00:00:00', 12, 2016);
INSERT INTO `award` VALUES (4450, 45, 536, '2016-04-04 00:00:00', 9, 2016);
INSERT INTO `award` VALUES (4451, 64, 447, '2016-03-28 00:00:00', 12, 2016);
INSERT INTO `award` VALUES (4452, 38, 532, '2016-03-28 00:00:00', 4, 2016);
INSERT INTO `award` VALUES (4453, 55, 494, '2016-03-21 00:00:00', 9, 2016);
INSERT INTO `award` VALUES (4454, 51, 487, '2016-03-21 00:00:00', 8, 2016);
INSERT INTO `award` VALUES (4455, 63, 517, '2016-03-14 00:00:00', 4, 2016);
INSERT INTO `award` VALUES (4456, 38, 528, '2016-03-14 00:00:00', 6, 2016);
INSERT INTO `award` VALUES (4457, 64, 447, '2016-03-07 00:00:00', 12, 2016);
INSERT INTO `award` VALUES (4458, 42, 537, '2016-03-07 00:00:00', 4, 2016);
INSERT INTO `award` VALUES (4459, 55, 494, '2016-02-29 00:00:00', 9, 2016);
INSERT INTO `award` VALUES (4460, 38, 528, '2016-02-29 00:00:00', 6, 2016);
INSERT INTO `award` VALUES (4461, 59, 526, '2016-02-08 00:00:00', 4, 2016);
INSERT INTO `award` VALUES (4462, 42, 495, '2016-02-08 00:00:00', 9, 2016);
INSERT INTO `award` VALUES (4463, 68, 438, '2016-02-01 00:00:00', 12, 2016);
INSERT INTO `award` VALUES (4464, 51, 487, '2016-02-01 00:00:00', 8, 2016);
INSERT INTO `award` VALUES (4465, 63, 517, '2016-01-25 00:00:00', 4, 2016);
INSERT INTO `award` VALUES (4466, 47, 521, '2016-01-25 00:00:00', 5, 2016);
INSERT INTO `award` VALUES (4467, 67, 507, '2016-01-18 00:00:00', 5, 2016);
INSERT INTO `award` VALUES (4468, 51, 487, '2016-01-18 00:00:00', 8, 2016);
INSERT INTO `award` VALUES (4469, 64, 447, '2016-01-11 00:00:00', 12, 2016);
INSERT INTO `award` VALUES (4470, 41, 459, '2016-01-11 00:00:00', 10, 2016);
INSERT INTO `award` VALUES (4471, 71, 527, '2016-01-04 00:00:00', 7, 2016);
INSERT INTO `award` VALUES (4472, 38, 538, '2016-01-04 00:00:00', 3, 2016);
INSERT INTO `award` VALUES (4473, 67, 539, '2015-12-28 00:00:00', 8, 2016);
INSERT INTO `award` VALUES (4474, 51, 489, '2015-12-28 00:00:00', 7, 2016);
INSERT INTO `award` VALUES (4475, 60, 540, '2015-12-21 00:00:00', 4, 2016);
INSERT INTO `award` VALUES (4476, 42, 537, '2015-12-21 00:00:00', 4, 2016);
INSERT INTO `award` VALUES (4477, 55, 541, '2015-12-14 00:00:00', 6, 2016);
INSERT INTO `award` VALUES (4478, 51, 487, '2015-12-14 00:00:00', 8, 2016);
INSERT INTO `award` VALUES (4479, 60, 540, '2015-12-07 00:00:00', 4, 2016);
INSERT INTO `award` VALUES (4480, 38, 528, '2015-12-07 00:00:00', 6, 2016);
INSERT INTO `award` VALUES (4481, 65, 511, '2015-11-30 00:00:00', 5, 2016);
INSERT INTO `award` VALUES (4482, 51, 487, '2015-11-30 00:00:00', 8, 2016);
INSERT INTO `award` VALUES (4483, 64, 447, '2015-11-23 00:00:00', 12, 2016);
INSERT INTO `award` VALUES (4484, 38, 528, '2015-11-23 00:00:00', 6, 2016);
INSERT INTO `award` VALUES (4485, 63, 542, '2015-11-16 00:00:00', 7, 2016);
INSERT INTO `award` VALUES (4486, 47, 521, '2015-11-16 00:00:00', 5, 2016);
INSERT INTO `award` VALUES (4487, 60, 543, '2015-11-09 00:00:00', 3, 2016);
INSERT INTO `award` VALUES (4488, 43, 506, '2015-11-09 00:00:00', 6, 2016);
INSERT INTO `award` VALUES (4489, 60, 543, '2015-11-02 00:00:00', 3, 2016);
INSERT INTO `award` VALUES (4490, 38, 528, '2015-11-02 00:00:00', 6, 2016);
INSERT INTO `award` VALUES (4491, 65, 511, '2017-04-10 00:00:00', 6, 2017);
INSERT INTO `award` VALUES (4492, 51, 489, '2017-04-10 00:00:00', 8, 2017);
INSERT INTO `award` VALUES (4493, 66, 533, '2017-04-03 00:00:00', 5, 2017);
INSERT INTO `award` VALUES (4494, 38, 528, '2017-04-03 00:00:00', 7, 2017);
INSERT INTO `award` VALUES (4495, 55, 541, '2017-03-27 00:00:00', 7, 2017);
INSERT INTO `award` VALUES (4496, 43, 506, '2017-03-27 00:00:00', 7, 2017);
INSERT INTO `award` VALUES (4497, 68, 544, '2017-03-20 00:00:00', 4, 2017);
INSERT INTO `award` VALUES (4498, 53, 530, '2017-03-20 00:00:00', 4, 2017);
INSERT INTO `award` VALUES (4499, 67, 507, '2017-03-13 00:00:00', 6, 2017);
INSERT INTO `award` VALUES (4500, 39, 535, '2017-03-13 00:00:00', 1, 2017);
INSERT INTO `award` VALUES (4501, 63, 517, '2017-03-06 00:00:00', 5, 2017);
INSERT INTO `award` VALUES (4502, 42, 537, '2017-03-06 00:00:00', 5, 2017);
INSERT INTO `award` VALUES (4503, 64, 447, '2017-02-13 00:00:00', 13, 2017);
INSERT INTO `award` VALUES (4504, 41, 512, '2017-02-13 00:00:00', 7, 2017);
INSERT INTO `award` VALUES (4505, 59, 526, '2017-02-06 00:00:00', 5, 2017);
INSERT INTO `award` VALUES (4506, 38, 528, '2017-02-06 00:00:00', 7, 2017);
INSERT INTO `award` VALUES (4507, 68, 545, '2017-01-30 00:00:00', 4, 2017);
INSERT INTO `award` VALUES (4508, 47, 521, '2017-01-30 00:00:00', 6, 2017);
INSERT INTO `award` VALUES (4509, 70, 546, '2017-01-23 00:00:00', 2, 2017);
INSERT INTO `award` VALUES (4510, 42, 537, '2017-01-23 00:00:00', 5, 2017);
INSERT INTO `award` VALUES (4511, 55, 541, '2017-01-16 00:00:00', 7, 2017);
INSERT INTO `award` VALUES (4512, 44, 547, '2017-01-16 00:00:00', 6, 2017);
INSERT INTO `award` VALUES (4513, 66, 533, '2017-01-09 00:00:00', 5, 2017);
INSERT INTO `award` VALUES (4514, 38, 528, '2017-01-09 00:00:00', 7, 2017);
INSERT INTO `award` VALUES (4515, 67, 507, '2017-01-02 00:00:00', 6, 2017);
INSERT INTO `award` VALUES (4516, 43, 506, '2017-01-02 00:00:00', 7, 2017);
INSERT INTO `award` VALUES (4517, 59, 526, '2016-12-26 00:00:00', 5, 2017);
INSERT INTO `award` VALUES (4518, 51, 489, '2016-12-26 00:00:00', 8, 2017);
INSERT INTO `award` VALUES (4519, 55, 541, '2016-12-19 00:00:00', 7, 2017);
INSERT INTO `award` VALUES (4520, 43, 506, '2016-12-19 00:00:00', 7, 2017);
INSERT INTO `award` VALUES (4521, 64, 447, '2016-12-12 00:00:00', 13, 2017);
INSERT INTO `award` VALUES (4522, 40, 503, '2016-12-12 00:00:00', 8, 2017);
INSERT INTO `award` VALUES (4523, 61, 531, '2016-12-05 00:00:00', 3, 2017);
INSERT INTO `award` VALUES (4524, 51, 489, '2016-12-05 00:00:00', 8, 2017);
INSERT INTO `award` VALUES (4525, 64, 518, '2016-11-28 00:00:00', 8, 2017);
INSERT INTO `award` VALUES (4526, 38, 487, '2016-11-28 00:00:00', 9, 2017);
INSERT INTO `award` VALUES (4527, 66, 533, '2016-11-21 00:00:00', 5, 2017);
INSERT INTO `award` VALUES (4528, 49, 529, '2016-11-21 00:00:00', 4, 2017);
INSERT INTO `award` VALUES (4529, 55, 541, '2016-11-14 00:00:00', 7, 2017);
INSERT INTO `award` VALUES (4530, 43, 506, '2016-11-14 00:00:00', 7, 2017);
INSERT INTO `award` VALUES (4531, 64, 447, '2016-11-07 00:00:00', 13, 2017);
INSERT INTO `award` VALUES (4532, 44, 548, '2016-11-07 00:00:00', 8, 2017);
INSERT INTO `award` VALUES (4533, 64, 447, '2016-10-31 00:00:00', 13, 2017);
INSERT INTO `award` VALUES (4534, 51, 489, '2016-10-31 00:00:00', 8, 2017);
INSERT INTO `award` VALUES (4535, 70, 549, '2018-04-09 00:00:00', 1, 2018);
INSERT INTO `award` VALUES (4536, 48, 550, '2018-04-09 00:00:00', 2, 2018);
INSERT INTO `award` VALUES (4537, 65, 551, '2018-04-02 00:00:00', 4, 2018);
INSERT INTO `award` VALUES (4538, 53, 530, '2018-04-02 00:00:00', 5, 2018);
INSERT INTO `award` VALUES (4539, 64, 447, '2018-03-26 00:00:00', 14, 2018);
INSERT INTO `award` VALUES (4540, 42, 495, '2018-03-26 00:00:00', 11, 2018);
INSERT INTO `award` VALUES (4541, 64, 447, '2018-03-19 00:00:00', 14, 2018);
INSERT INTO `award` VALUES (4542, 51, 489, '2018-03-19 00:00:00', 9, 2018);
INSERT INTO `award` VALUES (4543, 55, 541, '2018-03-12 00:00:00', 8, 2018);
INSERT INTO `award` VALUES (4544, 53, 530, '2018-03-12 00:00:00', 5, 2018);
INSERT INTO `award` VALUES (4545, 55, 541, '2018-03-05 00:00:00', 8, 2018);
INSERT INTO `award` VALUES (4546, 49, 529, '2018-03-05 00:00:00', 5, 2018);
INSERT INTO `award` VALUES (4547, 70, 546, '2018-02-12 00:00:00', 3, 2018);
INSERT INTO `award` VALUES (4548, 43, 506, '2018-02-12 00:00:00', 8, 2018);
INSERT INTO `award` VALUES (4549, 60, 543, '2018-02-05 00:00:00', 5, 2018);
INSERT INTO `award` VALUES (4550, 43, 506, '2018-02-05 00:00:00', 8, 2018);
INSERT INTO `award` VALUES (4551, 61, 552, '2018-01-29 00:00:00', 5, 2018);
INSERT INTO `award` VALUES (4552, 38, 528, '2018-01-29 00:00:00', 8, 2018);
INSERT INTO `award` VALUES (4553, 70, 546, '2018-01-22 00:00:00', 3, 2018);
INSERT INTO `award` VALUES (4554, 53, 530, '2018-01-22 00:00:00', 5, 2018);
INSERT INTO `award` VALUES (4555, 68, 498, '2018-01-15 00:00:00', 9, 2018);
INSERT INTO `award` VALUES (4556, 41, 534, '2018-01-15 00:00:00', 12, 2018);
INSERT INTO `award` VALUES (4557, 55, 541, '2018-01-08 00:00:00', 8, 2018);
INSERT INTO `award` VALUES (4558, 38, 528, '2018-01-08 00:00:00', 8, 2018);
INSERT INTO `award` VALUES (4559, 67, 553, '2018-01-02 00:00:00', 5, 2018);
INSERT INTO `award` VALUES (4560, 41, 534, '2018-01-02 00:00:00', 12, 2018);
INSERT INTO `award` VALUES (4561, 55, 541, '2017-12-26 00:00:00', 8, 2018);
INSERT INTO `award` VALUES (4562, 51, 489, '2017-12-26 00:00:00', 9, 2018);
INSERT INTO `award` VALUES (4563, 64, 447, '2017-12-18 00:00:00', 14, 2018);
INSERT INTO `award` VALUES (4564, 43, 459, '2017-12-18 00:00:00', 12, 2018);
INSERT INTO `award` VALUES (4565, 65, 551, '2017-12-11 00:00:00', 4, 2018);
INSERT INTO `award` VALUES (4566, 38, 487, '2017-12-11 00:00:00', 10, 2018);
INSERT INTO `award` VALUES (4567, 64, 447, '2017-12-04 00:00:00', 14, 2018);
INSERT INTO `award` VALUES (4568, 43, 506, '2017-12-04 00:00:00', 8, 2018);
INSERT INTO `award` VALUES (4569, 68, 498, '2017-11-27 00:00:00', 9, 2018);
INSERT INTO `award` VALUES (4570, 49, 529, '2017-11-27 00:00:00', 5, 2018);
INSERT INTO `award` VALUES (4571, 55, 541, '2017-11-20 00:00:00', 8, 2018);
INSERT INTO `award` VALUES (4572, 39, 535, '2017-11-20 00:00:00', 2, 2018);
INSERT INTO `award` VALUES (4573, 60, 554, '2017-11-13 00:00:00', 6, 2018);
INSERT INTO `award` VALUES (4574, 48, 550, '2017-11-13 00:00:00', 2, 2018);
INSERT INTO `award` VALUES (4575, 69, 555, '2017-11-06 00:00:00', 2, 2018);
INSERT INTO `award` VALUES (4576, 43, 506, '2017-11-06 00:00:00', 8, 2018);
INSERT INTO `award` VALUES (4577, 65, 551, '2017-10-30 00:00:00', 4, 2018);
INSERT INTO `award` VALUES (4578, 49, 521, '2017-10-30 00:00:00', 7, 2018);
INSERT INTO `award` VALUES (4579, 61, 531, '2017-10-23 00:00:00', 4, 2018);
INSERT INTO `award` VALUES (4580, 43, 506, '2017-10-23 00:00:00', 8, 2018);
COMMIT;

-- ----------------------------
-- Table structure for player
-- ----------------------------
DROP TABLE IF EXISTS `player`;
CREATE TABLE `player` (
  `player_id` int(8) NOT NULL AUTO_INCREMENT,
  `player_name` varchar(50) COLLATE utf8_bin NOT NULL,
  `player_draft_year` year(4) NOT NULL,
  `player_position` varchar(50) COLLATE utf8_bin NOT NULL,
  `player_height` double(10,2) NOT NULL,
  `player_weight` double(10,2) NOT NULL,
  `bmi` double(10,2) NOT NULL,
  PRIMARY KEY (`player_id`)
) ENGINE=InnoDB AUTO_INCREMENT=556 DEFAULT CHARSET=utf8 COLLATE=utf8_bin;

-- ----------------------------
-- Records of player
-- ----------------------------
BEGIN;
INSERT INTO `player` VALUES (282, 'Micheal Ray Richardson', 1978, 'point guard', 195.58, 85.73, 22.41);
INSERT INTO `player` VALUES (283, 'Derek Smith', 1982, 'shooting guard', 198.12, 92.99, 23.69);
INSERT INTO `player` VALUES (284, 'Calvin Natt', 1979, 'forward', 198.12, 99.79, 25.42);
INSERT INTO `player` VALUES (285, 'Kareem Abdul-Jabbar', 1969, 'center', 218.44, 102.06, 21.39);
INSERT INTO `player` VALUES (286, 'Larry Bird', 1978, 'small forward', 205.74, 99.79, 23.57);
INSERT INTO `player` VALUES (287, 'Darrell Griffith', 1980, 'shooting guard', 193.04, 86.18, 23.13);
INSERT INTO `player` VALUES (288, 'Sleepy Floyd', 1982, 'point guard', 190.50, 77.11, 21.25);
INSERT INTO `player` VALUES (289, 'Mark Aguirre', 1981, 'small forward', 198.12, 105.23, 26.81);
INSERT INTO `player` VALUES (290, 'Magic Johnson', 1979, 'point guard', 205.74, 115.67, 27.33);
INSERT INTO `player` VALUES (291, 'Dominique Wilkins', 1982, 'small forward', 200.66, 90.72, 22.53);
INSERT INTO `player` VALUES (292, 'Tom McMillen', 1974, 'power forward', 210.82, 97.52, 21.94);
INSERT INTO `player` VALUES (293, 'Michael Jordan', 1984, 'shooting guard', 198.12, 97.52, 24.85);
INSERT INTO `player` VALUES (294, 'World B. Free', 1975, 'guard', 187.96, 83.91, 23.75);
INSERT INTO `player` VALUES (295, 'Isiah Thomas', 1981, 'point guard', 185.42, 81.65, 23.75);
INSERT INTO `player` VALUES (296, 'Terry Cummings', 1982, 'power forward', 205.74, 99.79, 23.57);
INSERT INTO `player` VALUES (297, 'Orlando Woolridge', 1981, 'power forward', 205.74, 97.52, 23.04);
INSERT INTO `player` VALUES (298, 'Jack Sikma', 1977, 'center', 210.82, 104.33, 23.47);
INSERT INTO `player` VALUES (299, 'Bernard King', 1977, 'small forward', 200.66, 92.99, 23.09);
INSERT INTO `player` VALUES (300, 'Moses Malone', 1976, 'center', 208.28, 97.52, 22.48);
INSERT INTO `player` VALUES (301, 'Alex English', 1976, 'small forward', 200.66, 86.18, 21.40);
INSERT INTO `player` VALUES (302, 'Larry Nance', 1981, 'power forward', 208.28, 92.99, 21.44);
INSERT INTO `player` VALUES (303, 'Herb Williams', 1981, 'center', 208.28, 109.77, 25.30);
INSERT INTO `player` VALUES (304, 'Charles Barkley', 1984, 'power forward', 198.12, 114.31, 29.12);
INSERT INTO `player` VALUES (305, 'Adrian Dantley', 1976, 'small forward', 195.58, 94.35, 24.66);
INSERT INTO `player` VALUES (306, 'Sidney Moncrief', 1979, 'shooting guard', 190.50, 81.65, 22.50);
INSERT INTO `player` VALUES (307, 'Clyde Drexler', 1983, 'shooting guard', 200.66, 95.25, 23.66);
INSERT INTO `player` VALUES (308, 'Alvin Robertson', 1984, 'shooting guard', 190.50, 83.91, 23.12);
INSERT INTO `player` VALUES (309, 'Jeff Ruland', 1980, 'center', 208.28, 108.86, 25.09);
INSERT INTO `player` VALUES (310, 'Patrick Ewing', 1985, 'center', 213.36, 108.86, 23.91);
INSERT INTO `player` VALUES (311, 'Buck Williams', 1981, 'power forward', 203.20, 97.52, 23.62);
INSERT INTO `player` VALUES (312, 'Julius Erving', 1972, 'small forward', 198.12, 90.72, 23.11);
INSERT INTO `player` VALUES (313, 'Larry Smith', 1980, 'power forward', 203.20, 97.52, 23.62);
INSERT INTO `player` VALUES (314, 'Karl Malone', 1985, 'power forward', 205.74, 120.20, 28.40);
INSERT INTO `player` VALUES (315, 'Fat Lever', 1982, 'point guard', 190.50, 77.11, 21.25);
INSERT INTO `player` VALUES (316, 'Otis Thorpe', 1984, 'power forward', 205.74, 102.06, 24.11);
INSERT INTO `player` VALUES (317, 'Tom Chambers', 1981, 'power forward', 208.28, 99.79, 23.00);
INSERT INTO `player` VALUES (318, 'Hot Rod Williams', 1985, 'forward center', 210.82, 97.52, 21.94);
INSERT INTO `player` VALUES (319, 'Robert Parish', 1976, 'center', 213.36, 104.33, 22.92);
INSERT INTO `player` VALUES (320, 'Harold Pressley', 1986, 'guard forward', 200.66, 95.25, 23.66);
INSERT INTO `player` VALUES (321, 'Bobby Hansen', 1983, 'shooting guard', 198.12, 86.18, 21.96);
INSERT INTO `player` VALUES (322, 'Roy Tarpley', 1986, 'power forward', 210.82, 104.33, 23.47);
INSERT INTO `player` VALUES (323, 'John Stockton', 1984, 'point guard', 185.42, 77.11, 22.43);
INSERT INTO `player` VALUES (324, 'Byron Scott', 1983, 'shooting guard', 190.50, 88.45, 24.37);
INSERT INTO `player` VALUES (325, 'Xavier McDaniel', 1985, 'power forward', 200.66, 92.99, 23.09);
INSERT INTO `player` VALUES (326, 'Kevin Johnson', 1987, 'point guard', 185.42, 81.65, 23.75);
INSERT INTO `player` VALUES (327, 'Chuck Person', 1986, 'small forward', 203.20, 99.79, 24.17);
INSERT INTO `player` VALUES (328, 'Hakeem Olajuwon', 1984, 'center', 213.36, 115.67, 25.41);
INSERT INTO `player` VALUES (329, 'Ron Harper', 1986, 'shooting guard', 198.12, 83.91, 21.38);
INSERT INTO `player` VALUES (330, 'Chris Mullin', 1985, 'small forward', 200.66, 97.52, 24.22);
INSERT INTO `player` VALUES (331, 'Dale Ellis', 1983, 'guard forward', 200.66, 92.99, 23.09);
INSERT INTO `player` VALUES (332, 'Michael Adams', 1985, 'point guard', 177.80, 73.94, 23.39);
INSERT INTO `player` VALUES (333, 'David Robinson', 1987, 'center', 215.90, 113.40, 24.33);
INSERT INTO `player` VALUES (334, 'Rony Seikaly', 1988, 'center', 210.82, 104.33, 23.47);
INSERT INTO `player` VALUES (335, 'Tim Hardaway', 1989, 'point guard', 182.88, 79.38, 23.73);
INSERT INTO `player` VALUES (336, 'Terry Teagle', 1982, 'shooting guard', 195.58, 88.45, 23.12);
INSERT INTO `player` VALUES (337, 'Vern Fleming', 1984, 'guard', 195.58, 83.91, 21.94);
INSERT INTO `player` VALUES (338, 'Scott Skiles', 1986, 'point guard', 185.42, 81.65, 23.75);
INSERT INTO `player` VALUES (339, 'Mitch Richmond', 1988, 'shooting guard', 195.58, 97.52, 25.49);
INSERT INTO `player` VALUES (340, 'Kenny Smith', 1987, 'point guard', 190.50, 77.11, 21.25);
INSERT INTO `player` VALUES (341, 'Dennis Scott', 1990, 'small forward', 203.20, 103.87, 25.16);
INSERT INTO `player` VALUES (342, 'Gerald Wilkins', 1985, 'shooting guard', 198.12, 83.91, 21.38);
INSERT INTO `player` VALUES (343, 'Reggie Miller', 1987, 'shooting guard', 200.66, 83.91, 20.84);
INSERT INTO `player` VALUES (344, 'Lionel Simmons', 1990, 'small forward', 200.66, 95.25, 23.66);
INSERT INTO `player` VALUES (345, 'Ricky Pierce', 1982, 'shooting guard', 193.04, 92.99, 24.95);
INSERT INTO `player` VALUES (346, 'Reggie Lewis', 1987, 'small forward', 200.66, 88.45, 21.97);
INSERT INTO `player` VALUES (347, 'Mookie Blaylock', 1989, 'point guard', 185.42, 86.18, 25.07);
INSERT INTO `player` VALUES (348, 'Mark Jackson', 1987, 'point guard', 185.42, 81.65, 23.75);
INSERT INTO `player` VALUES (349, 'Larry Johnson', 1991, 'forward', 198.12, 113.40, 28.89);
INSERT INTO `player` VALUES (350, 'Joe Dumars', 1985, 'shooting guard', 190.50, 86.18, 23.75);
INSERT INTO `player` VALUES (351, 'Danny Manning', 1988, 'forward', 208.28, 104.33, 24.05);
INSERT INTO `player` VALUES (352, 'Nick Anderson', 1989, 'guard forward', 198.12, 103.42, 26.35);
INSERT INTO `player` VALUES (353, 'Scottie Pippen', 1987, 'small forward', 203.20, 103.42, 25.05);
INSERT INTO `player` VALUES (354, 'Pervis Ellison', 1989, 'center', 205.74, 95.25, 22.50);
INSERT INTO `player` VALUES (355, 'Dennis Rodman', 1986, 'power forward', 200.66, 95.25, 23.66);
INSERT INTO `player` VALUES (356, 'Jeff Malone', 1983, 'shooting guard', 193.04, 92.99, 24.95);
INSERT INTO `player` VALUES (357, 'Kevin Willis', 1984, 'center', 213.36, 111.13, 24.41);
INSERT INTO `player` VALUES (358, 'Brad Daugherty', 1986, 'center', 213.36, 111.13, 24.41);
INSERT INTO `player` VALUES (359, 'Alonzo Mourning', 1992, 'center', 208.28, 108.86, 25.09);
INSERT INTO `player` VALUES (360, 'Dikembe Mutombo', 1991, 'center', 218.44, 117.93, 24.72);
INSERT INTO `player` VALUES (361, 'Rumeal Robinson', 1990, 'point guard', 187.96, 88.45, 25.04);
INSERT INTO `player` VALUES (362, 'Shawn Kemp', 1989, 'center', 208.28, 127.01, 29.28);
INSERT INTO `player` VALUES (363, 'Sean Elliott', 1989, 'small forward', 203.20, 92.99, 22.52);
INSERT INTO `player` VALUES (364, 'Drazen Petrovic', 1986, 'shooting guard', 195.58, 90.72, 23.72);
INSERT INTO `player` VALUES (365, 'Shaquille O\'Neal', 1992, 'center', 215.90, 147.42, 31.63);
INSERT INTO `player` VALUES (366, 'Kenny Anderson', 1991, 'point guard', 182.88, 76.20, 22.78);
INSERT INTO `player` VALUES (367, 'Chris Webber', 1993, 'forward center', 205.74, 111.13, 26.25);
INSERT INTO `player` VALUES (368, 'Oliver Miller', 1992, 'center', 205.74, 127.01, 30.00);
INSERT INTO `player` VALUES (369, 'Glen Rice', 1989, 'small forward', 203.20, 103.42, 25.05);
INSERT INTO `player` VALUES (370, 'Vlade Divac', 1989, 'center', 215.90, 117.93, 25.30);
INSERT INTO `player` VALUES (371, 'Jason Kidd', 1994, 'point guard', 193.04, 95.25, 25.56);
INSERT INTO `player` VALUES (372, 'Rik Smits', 1988, 'center', 223.52, 113.40, 22.70);
INSERT INTO `player` VALUES (373, 'Rod Strickland', 1988, 'point guard', 190.50, 79.38, 21.87);
INSERT INTO `player` VALUES (374, 'Gary Payton', 1990, 'guard', 193.04, 81.65, 21.91);
INSERT INTO `player` VALUES (375, 'Cedric Ceballos', 1990, 'small forward', 198.12, 86.18, 21.96);
INSERT INTO `player` VALUES (376, 'Jamal Mashburn', 1993, 'small forward', 203.20, 112.04, 27.13);
INSERT INTO `player` VALUES (377, 'Penny Hardaway', 1993, 'point guard', 200.66, 88.45, 21.97);
INSERT INTO `player` VALUES (378, 'Elliot Perry', 1991, 'point guard', 182.88, 68.04, 20.34);
INSERT INTO `player` VALUES (379, 'Juwan Howard', 1994, 'power forward', 205.74, 108.86, 25.72);
INSERT INTO `player` VALUES (380, 'Arvydas Sabonis', 1985, 'center', 220.98, 126.55, 25.92);
INSERT INTO `player` VALUES (381, 'Chris Gatling', 1991, 'power forward', 208.28, 99.79, 23.00);
INSERT INTO `player` VALUES (382, 'Grant Hill', 1994, 'small forward', 203.20, 102.06, 24.72);
INSERT INTO `player` VALUES (383, 'Armen Gilliam', 1987, 'power forward', 205.74, 104.33, 24.65);
INSERT INTO `player` VALUES (384, 'Cliff Robinson', 1989, 'power forward', 208.28, 102.06, 23.53);
INSERT INTO `player` VALUES (385, 'Terrell Brandon', 1991, 'point guard', 180.34, 81.65, 25.10);
INSERT INTO `player` VALUES (386, 'Allen Iverson', 1996, 'guard', 182.88, 74.84, 22.38);
INSERT INTO `player` VALUES (387, 'Loy Vaught', 1990, 'power forward', 205.74, 104.33, 24.65);
INSERT INTO `player` VALUES (388, 'Glenn Robinson', 1994, 'small forward', 200.66, 102.06, 25.35);
INSERT INTO `player` VALUES (389, 'Terry Mills', 1990, 'power forward', 208.28, 104.33, 24.05);
INSERT INTO `player` VALUES (390, 'Sam Cassell', 1993, 'guard', 190.50, 83.91, 23.12);
INSERT INTO `player` VALUES (391, 'Tim Duncan', 1997, 'forward center', 210.82, 113.40, 25.51);
INSERT INTO `player` VALUES (392, 'Jayson Williams', 1990, 'forward center', 208.28, 111.13, 25.62);
INSERT INTO `player` VALUES (393, 'Steve Smith', 1991, 'shooting guard', 200.66, 90.72, 22.53);
INSERT INTO `player` VALUES (394, 'Wesley Person', 1994, 'shooting guard', 198.12, 88.45, 22.53);
INSERT INTO `player` VALUES (395, 'Kevin Garnett', 1995, 'power forward', 210.82, 108.86, 24.49);
INSERT INTO `player` VALUES (396, 'Darrell Armstrong', 1991, 'point guard', 182.88, 77.11, 23.06);
INSERT INTO `player` VALUES (397, 'Vince Carter', 1998, 'small forward', 198.12, 99.79, 25.42);
INSERT INTO `player` VALUES (398, 'Antonio McDyess', 1995, 'forward', 205.74, 111.13, 26.25);
INSERT INTO `player` VALUES (399, 'Stephon Marbury', 1996, 'guard', 187.96, 81.65, 23.11);
INSERT INTO `player` VALUES (400, 'Kobe Bryant', 1996, 'shooting guard', 198.12, 96.16, 24.50);
INSERT INTO `player` VALUES (401, 'Jalen Rose', 1994, 'guard', 203.20, 95.25, 23.07);
INSERT INTO `player` VALUES (402, 'Michael Finley', 1995, 'guard forward', 200.66, 102.06, 25.35);
INSERT INTO `player` VALUES (403, 'Steve Francis', 1999, 'guard', 190.50, 88.45, 24.37);
INSERT INTO `player` VALUES (404, 'Ray Allen', 1996, 'shooting guard', 195.58, 92.99, 24.31);
INSERT INTO `player` VALUES (405, 'Paul Pierce', 1998, 'small forward', 200.66, 106.59, 26.47);
INSERT INTO `player` VALUES (406, 'Cuttino Mobley', 1998, 'guard', 193.04, 86.18, 23.13);
INSERT INTO `player` VALUES (407, 'Derek Anderson', 1997, 'guard', 195.58, 88.00, 23.00);
INSERT INTO `player` VALUES (408, 'Shawn Marion', 1999, 'forward', 200.66, 103.42, 25.68);
INSERT INTO `player` VALUES (409, 'Aaron McKie', 1994, 'guard', 195.58, 94.80, 24.78);
INSERT INTO `player` VALUES (410, 'Baron Davis', 1999, 'guard', 190.50, 97.52, 26.87);
INSERT INTO `player` VALUES (411, 'Ben Wallace', 1996, 'forward center', 205.74, 108.86, 25.72);
INSERT INTO `player` VALUES (412, 'Tracy McGrady', 1997, 'guard forward', 203.20, 95.25, 23.07);
INSERT INTO `player` VALUES (413, 'Kurt Thomas', 1995, 'forward center', 205.74, 108.86, 25.72);
INSERT INTO `player` VALUES (414, 'Rasheed Wallace', 1995, 'forward center', 210.82, 104.33, 23.47);
INSERT INTO `player` VALUES (415, 'Andre Miller', 1999, 'point guard', 190.50, 90.72, 25.00);
INSERT INTO `player` VALUES (416, 'Dirk Nowitzki', 1998, 'power forward', 213.36, 111.13, 24.41);
INSERT INTO `player` VALUES (417, 'Eddie Jones', 1994, 'guard forward', 198.12, 90.72, 23.11);
INSERT INTO `player` VALUES (418, 'Jermaine O\'Neal', 1996, 'forward center', 210.82, 106.59, 23.98);
INSERT INTO `player` VALUES (419, 'Richard Hamilton', 1999, 'shooting guard', 200.66, 87.54, 21.74);
INSERT INTO `player` VALUES (420, 'Steve Nash', 1996, 'guard', 190.50, 80.74, 22.25);
INSERT INTO `player` VALUES (421, 'Elton Brand', 1999, 'power forward', 205.74, 115.21, 27.22);
INSERT INTO `player` VALUES (422, 'Shareef Abdur-Rahim', 1996, 'forward', 205.74, 102.06, 24.11);
INSERT INTO `player` VALUES (423, 'Richard Jefferson', 2001, 'small forward', 200.66, 105.69, 26.25);
INSERT INTO `player` VALUES (424, 'Peja Stojakovic', 1996, 'forward', 208.28, 103.87, 23.94);
INSERT INTO `player` VALUES (425, 'Allan Houston', 1993, 'guard', 198.12, 92.99, 23.69);
INSERT INTO `player` VALUES (426, 'Chauncey Billups', 1997, 'guard', 190.50, 95.25, 26.25);
INSERT INTO `player` VALUES (427, 'Antoine Walker', 1996, 'forward', 205.74, 120.20, 28.40);
INSERT INTO `player` VALUES (428, 'Lucious Harris', 1993, 'shooting guard', 195.58, 86.18, 22.53);
INSERT INTO `player` VALUES (429, 'Metta World Peace', 1999, 'small forward', 200.66, 117.93, 29.29);
INSERT INTO `player` VALUES (430, 'Rashard Lewis', 1998, 'forward', 208.28, 106.59, 24.57);
INSERT INTO `player` VALUES (431, 'Jerry Stackhouse', 1995, 'small forward', 198.12, 98.88, 25.19);
INSERT INTO `player` VALUES (432, 'Jamaal Magloire', 2000, 'center', 210.82, 117.48, 26.43);
INSERT INTO `player` VALUES (433, 'Carmelo Anthony', 2003, 'forward', 203.20, 108.86, 26.37);
INSERT INTO `player` VALUES (434, 'Zydrunas Ilgauskas', 1996, 'center', 220.98, 117.93, 24.15);
INSERT INTO `player` VALUES (435, 'Lamar Odom', 1999, 'power forward', 208.28, 104.33, 24.05);
INSERT INTO `player` VALUES (436, 'Yao Ming', 2002, 'center', 228.60, 140.61, 26.91);
INSERT INTO `player` VALUES (437, 'Andrei Kirilenko', 1999, 'power forward', 205.74, 106.59, 25.18);
INSERT INTO `player` VALUES (438, 'Dwyane Wade', 2003, 'shooting guard', 193.04, 99.79, 26.78);
INSERT INTO `player` VALUES (439, 'Kenyon Martin', 2000, 'forward', 205.74, 108.86, 25.72);
INSERT INTO `player` VALUES (440, 'Carlos Boozer', 2002, 'power forward', 205.74, 120.66, 28.50);
INSERT INTO `player` VALUES (441, 'Voshon Lenard', 1994, 'shooting guard', 193.04, 92.99, 24.95);
INSERT INTO `player` VALUES (442, 'Quentin Richardson', 2000, 'guard forward', 198.12, 101.15, 25.77);
INSERT INTO `player` VALUES (443, 'Jason Richardson', 2001, 'guard forward', 198.12, 102.06, 26.00);
INSERT INTO `player` VALUES (444, 'Marcus Camby', 1996, 'center', 210.82, 108.86, 24.49);
INSERT INTO `player` VALUES (445, 'Mike Bibby', 1998, 'guard', 187.96, 88.45, 25.04);
INSERT INTO `player` VALUES (446, 'Brad Miller', 1998, 'center', 213.36, 118.39, 26.01);
INSERT INTO `player` VALUES (447, 'LeBron James', 2003, 'forward', 203.20, 113.40, 27.46);
INSERT INTO `player` VALUES (448, 'Jason Terry', 1999, 'guard', 187.96, 83.91, 23.75);
INSERT INTO `player` VALUES (449, 'Larry Hughes', 1998, 'guard', 195.58, 83.46, 21.82);
INSERT INTO `player` VALUES (450, 'Chris Bosh', 2003, 'power forward', 210.82, 106.59, 23.98);
INSERT INTO `player` VALUES (451, 'Bruce Bowen', 1993, 'forward', 200.66, 90.72, 22.53);
INSERT INTO `player` VALUES (452, 'Pau Gasol', 2001, 'forward center', 213.36, 113.40, 24.91);
INSERT INTO `player` VALUES (453, 'Amar\'e Stoudemire', 2002, 'forward center', 208.28, 111.13, 25.62);
INSERT INTO `player` VALUES (454, 'Gilbert Arenas', 2001, 'guard', 190.50, 86.64, 23.87);
INSERT INTO `player` VALUES (455, 'Ben Gordon', 2004, 'shooting guard', 190.50, 90.72, 25.00);
INSERT INTO `player` VALUES (456, 'Jamal Crawford', 2000, 'shooting guard', 195.58, 88.45, 23.12);
INSERT INTO `player` VALUES (457, 'Chris Wilcox', 2002, 'forward center', 208.28, 106.59, 24.57);
INSERT INTO `player` VALUES (458, 'Tony Parker', 2001, 'guard', 187.96, 83.91, 23.75);
INSERT INTO `player` VALUES (459, 'Chris Paul', 2005, 'point guard', 182.88, 79.38, 23.73);
INSERT INTO `player` VALUES (460, 'Mike James', 1998, 'guard', 187.96, 85.28, 24.14);
INSERT INTO `player` VALUES (461, 'Joe Johnson', 2001, 'shooting guard', 200.66, 108.86, 27.04);
INSERT INTO `player` VALUES (462, 'Gerald Wallace', 2001, 'forward', 200.66, 99.79, 24.78);
INSERT INTO `player` VALUES (463, 'T.J. Ford', 2003, 'point guard', 182.88, 74.84, 22.38);
INSERT INTO `player` VALUES (464, 'Manu Ginobili', 1999, 'shooting guard', 198.12, 92.99, 23.69);
INSERT INTO `player` VALUES (465, 'Al Jefferson', 2004, 'forward center', 208.28, 131.09, 30.22);
INSERT INTO `player` VALUES (466, 'Kevin Martin', 2004, 'shooting guard', 200.66, 90.26, 22.42);
INSERT INTO `player` VALUES (467, 'Mehmet Okur', 2001, 'forward center', 210.82, 112.94, 25.41);
INSERT INTO `player` VALUES (468, 'Caron Butler', 2002, 'small forward', 200.66, 103.42, 25.68);
INSERT INTO `player` VALUES (469, 'Michael Redd', 2000, 'guard', 198.12, 99.79, 25.42);
INSERT INTO `player` VALUES (470, 'Josh Howard', 2003, 'guard forward', 200.66, 95.25, 23.66);
INSERT INTO `player` VALUES (471, 'Mo Williams', 2003, 'guard', 185.42, 89.81, 26.12);
INSERT INTO `player` VALUES (472, 'Dwight Howard', 2004, 'center', 210.82, 120.20, 27.05);
INSERT INTO `player` VALUES (473, 'Antawn Jamison', 1998, 'forward', 205.74, 106.59, 25.18);
INSERT INTO `player` VALUES (474, 'Hedo Turkoglu', 2000, 'forward', 208.28, 99.79, 23.00);
INSERT INTO `player` VALUES (475, 'Brandon Roy', 2006, 'guard', 198.12, 95.71, 24.38);
INSERT INTO `player` VALUES (476, 'Josh Smith', 2004, 'power forward', 205.74, 102.06, 24.11);
INSERT INTO `player` VALUES (477, 'Stephen Jackson', 1997, 'guard forward', 203.20, 99.79, 24.17);
INSERT INTO `player` VALUES (478, 'Danny Granger', 2005, 'guard forward', 205.74, 100.70, 23.79);
INSERT INTO `player` VALUES (479, 'Deron Williams', 2005, 'point guard', 190.50, 90.72, 25.00);
INSERT INTO `player` VALUES (480, 'Devin Harris', 2004, 'guard', 190.50, 83.91, 23.12);
INSERT INTO `player` VALUES (481, 'David West', 2003, 'power forward', 205.74, 113.40, 26.79);
INSERT INTO `player` VALUES (482, 'David Lee', 2005, 'forward center', 205.74, 111.13, 26.25);
INSERT INTO `player` VALUES (483, 'Andrew Bynum', 2005, 'center', 213.36, 129.27, 28.40);
INSERT INTO `player` VALUES (484, 'Jameer Nelson', 2004, 'guard', 182.88, 86.18, 25.77);
INSERT INTO `player` VALUES (485, 'Rodney Stuckey', 2007, 'guard', 195.58, 92.99, 24.31);
INSERT INTO `player` VALUES (486, 'Al Harrington', 1998, 'forward', 205.74, 111.13, 26.25);
INSERT INTO `player` VALUES (487, 'Kevin Durant', 2007, 'small forward', 205.74, 108.86, 25.72);
INSERT INTO `player` VALUES (488, 'Andrew Bogut', 2005, 'center', 213.36, 117.93, 25.91);
INSERT INTO `player` VALUES (489, 'Russell Westbrook', 2008, 'guard', 190.50, 90.72, 25.00);
INSERT INTO `player` VALUES (490, 'Chris Kaman', 2003, 'center', 213.36, 120.20, 26.40);
INSERT INTO `player` VALUES (491, 'Derrick Rose', 2008, 'point guard', 190.50, 86.18, 23.75);
INSERT INTO `player` VALUES (492, 'Brandon Jennings', 2009, 'guard', 185.42, 77.11, 22.43);
INSERT INTO `player` VALUES (493, 'Zach Randolph', 2001, 'power forward', 205.74, 117.93, 27.86);
INSERT INTO `player` VALUES (494, 'Kyle Lowry', 2006, 'point guard', 185.42, 88.90, 25.86);
INSERT INTO `player` VALUES (495, 'LaMarcus Aldridge', 2006, 'forward center', 210.82, 117.93, 26.53);
INSERT INTO `player` VALUES (496, 'Monta Ellis', 2005, 'guard', 190.50, 83.91, 23.12);
INSERT INTO `player` VALUES (497, 'Rajon Rondo', 2006, 'point guard', 185.42, 84.37, 24.54);
INSERT INTO `player` VALUES (498, 'Goran Dragic', 2008, 'guard', 190.50, 86.18, 23.75);
INSERT INTO `player` VALUES (499, 'Drew Gooden', 2002, 'forward center', 208.28, 113.40, 26.14);
INSERT INTO `player` VALUES (500, 'Ersan Ilyasova', 2005, 'forward', 208.28, 106.59, 24.57);
INSERT INTO `player` VALUES (501, 'Ty Lawson', 2009, 'point guard', 180.34, 88.45, 27.20);
INSERT INTO `player` VALUES (502, 'Jeremy Lin', 2010, 'guard', 190.50, 90.72, 25.00);
INSERT INTO `player` VALUES (503, 'Marc Gasol', 2007, 'center', 215.90, 115.67, 24.81);
INSERT INTO `player` VALUES (504, 'Nikola Pekovic', 2008, 'power forward', 210.82, 139.25, 31.33);
INSERT INTO `player` VALUES (505, 'J.R. Smith', 2004, 'shooting guard', 198.12, 102.06, 26.00);
INSERT INTO `player` VALUES (506, 'James Harden', 2009, 'shooting guard', 195.58, 99.79, 26.09);
INSERT INTO `player` VALUES (507, 'John Wall', 2010, 'point guard', 193.04, 95.25, 25.56);
INSERT INTO `player` VALUES (508, 'Nate Robinson', 2005, 'guard', 175.26, 81.65, 26.58);
INSERT INTO `player` VALUES (509, 'Kyrie Irving', 2011, 'guard', 190.50, 87.54, 24.12);
INSERT INTO `player` VALUES (510, 'Greivis Vasquez', 2010, 'guard', 198.12, 98.43, 25.08);
INSERT INTO `player` VALUES (511, 'Paul George', 2010, 'guard forward', 205.74, 99.79, 23.57);
INSERT INTO `player` VALUES (512, 'Blake Griffin', 2009, 'power forward', 208.28, 113.85, 26.24);
INSERT INTO `player` VALUES (513, 'Al Horford', 2007, 'forward center', 208.28, 111.13, 25.62);
INSERT INTO `player` VALUES (514, 'Kenneth Faried', 2011, 'forward', 203.20, 103.42, 25.05);
INSERT INTO `player` VALUES (515, 'Jeff Teague', 2009, 'point guard', 187.96, 84.37, 23.88);
INSERT INTO `player` VALUES (516, 'Nikola Vucevic', 2011, 'power forward', 213.36, 117.93, 25.91);
INSERT INTO `player` VALUES (517, 'Kemba Walker', 2011, 'guard', 185.42, 83.46, 24.28);
INSERT INTO `player` VALUES (518, 'Kevin Love', 2008, 'forward center', 208.28, 113.85, 26.24);
INSERT INTO `player` VALUES (519, 'Jared Sullinger', 2012, 'center', 205.74, 117.93, 27.86);
INSERT INTO `player` VALUES (520, 'Paul Millsap', 2006, 'forward center', 203.20, 111.58, 27.02);
INSERT INTO `player` VALUES (521, 'DeMarcus Cousins', 2010, 'center', 210.82, 122.47, 27.56);
INSERT INTO `player` VALUES (522, 'Thaddeus Young', 2007, 'forward', 203.20, 100.24, 24.28);
INSERT INTO `player` VALUES (523, 'Jordan Crawford', 2010, 'guard', 195.58, 88.45, 23.12);
INSERT INTO `player` VALUES (524, 'Markieff Morris', 2011, 'power forward', 208.28, 111.13, 25.62);
INSERT INTO `player` VALUES (525, 'Michael Carter-Williams', 2013, 'point guard', 198.12, 86.18, 21.96);
INSERT INTO `player` VALUES (526, 'Isaiah Thomas', 2011, 'point guard', 175.26, 83.91, 27.32);
INSERT INTO `player` VALUES (527, 'Brook Lopez', 2008, 'center', 213.36, 121.56, 26.70);
INSERT INTO `player` VALUES (528, 'Stephen Curry', 2009, 'guard', 190.50, 86.18, 23.75);
INSERT INTO `player` VALUES (529, 'Anthony Davis', 2012, 'power forward', 208.28, 114.76, 26.45);
INSERT INTO `player` VALUES (530, 'Damian Lillard', 2012, 'guard', 190.50, 88.45, 24.37);
INSERT INTO `player` VALUES (531, 'Giannis Antetokounmpo', 2013, 'forward', 210.82, 100.70, 22.66);
INSERT INTO `player` VALUES (532, 'Klay Thompson', 2011, 'guard', 200.66, 97.52, 24.22);
INSERT INTO `player` VALUES (533, 'Jimmy Butler', 2011, 'guard forward', 200.66, 104.78, 26.02);
INSERT INTO `player` VALUES (534, 'Lou Williams', 2005, 'guard', 185.42, 79.38, 23.09);
INSERT INTO `player` VALUES (535, 'Karl-Anthony Towns', 2015, 'center', 213.36, 110.68, 24.31);
INSERT INTO `player` VALUES (536, 'J.J. Barea', 2006, 'guard', 182.88, 83.91, 25.09);
INSERT INTO `player` VALUES (537, 'Kawhi Leonard', 2011, 'forward', 200.66, 104.33, 25.91);
INSERT INTO `player` VALUES (538, 'Draymond Green', 2012, 'forward', 200.66, 104.33, 25.91);
INSERT INTO `player` VALUES (539, 'Marcin Gortat', 2005, 'forward center', 210.82, 108.86, 24.49);
INSERT INTO `player` VALUES (540, 'Reggie Jackson', 2011, 'guard', 190.50, 94.35, 26.00);
INSERT INTO `player` VALUES (541, 'DeMar DeRozan', 2009, 'guard forward', 200.66, 100.24, 24.90);
INSERT INTO `player` VALUES (542, 'Nicolas Batum', 2008, 'forward', 203.20, 90.72, 21.97);
INSERT INTO `player` VALUES (543, 'Andre Drummond', 2012, 'center', 210.82, 126.55, 28.47);
INSERT INTO `player` VALUES (544, 'Hassan Whiteside', 2010, 'center', 213.00, 120.00, 26.45);
INSERT INTO `player` VALUES (545, 'Dion Waiters', 2012, 'shooting guard', 193.00, 100.00, 26.85);
INSERT INTO `player` VALUES (546, 'Joel Embiid', 2014, 'center', 213.00, 113.00, 24.91);
INSERT INTO `player` VALUES (547, 'Gordon Hayward', 2010, 'guard forward', 203.00, 102.00, 24.75);
INSERT INTO `player` VALUES (548, 'George Hill', 2008, 'guard', 191.00, 85.00, 23.30);
INSERT INTO `player` VALUES (549, 'Ben Simmons', 2016, 'power forward', 208.00, 104.00, 24.04);
INSERT INTO `player` VALUES (550, 'Nikola Jokic', 2014, 'center', 208.00, 113.00, 26.12);
INSERT INTO `player` VALUES (551, 'Victor Oladipo', 2013, 'guard', 193.00, 95.00, 25.50);
INSERT INTO `player` VALUES (552, 'Khris Middleton', 2012, 'small forward', 203.00, 106.00, 25.72);
INSERT INTO `player` VALUES (553, 'Bradley Beal', 2012, 'shooting guard', 196.00, 94.00, 24.47);
INSERT INTO `player` VALUES (554, 'Tobias Harris', 2011, 'forward', 206.00, 107.00, 25.21);
INSERT INTO `player` VALUES (555, 'Kristaps Porzingis', 2015, 'forward center', 221.00, 109.00, 22.32);
COMMIT;

-- ----------------------------
-- Table structure for team
-- ----------------------------
DROP TABLE IF EXISTS `team`;
CREATE TABLE `team` (
  `team_id` int(4) NOT NULL AUTO_INCREMENT,
  `team_name` varchar(50) COLLATE utf8_bin NOT NULL,
  `team_conference` varchar(20) COLLATE utf8_bin NOT NULL,
  PRIMARY KEY (`team_id`),
  UNIQUE KEY `UK_TEAM_NAME` (`team_name`) USING HASH
) ENGINE=InnoDB AUTO_INCREMENT=73 DEFAULT CHARSET=utf8 COLLATE=utf8_bin;

-- ----------------------------
-- Records of team
-- ----------------------------
BEGIN;
INSERT INTO `team` VALUES (38, 'Golden State Warriors', 'West');
INSERT INTO `team` VALUES (39, 'Minnesota Timberwolves', 'West');
INSERT INTO `team` VALUES (40, 'Memphis Grizzlies', 'West');
INSERT INTO `team` VALUES (41, 'Los Angeles Clippers', 'West');
INSERT INTO `team` VALUES (42, 'San Antonio Spurs', 'West');
INSERT INTO `team` VALUES (43, 'Houston Rockets', 'West');
INSERT INTO `team` VALUES (44, 'Utah Jazz', 'West');
INSERT INTO `team` VALUES (45, 'Dallas Mavericks', 'West');
INSERT INTO `team` VALUES (46, 'Los Angeles Lakers', 'West');
INSERT INTO `team` VALUES (47, 'Sacramento Kings', 'West');
INSERT INTO `team` VALUES (48, 'Denver Nuggets', 'West');
INSERT INTO `team` VALUES (49, 'New Orleans Pelicans', 'West');
INSERT INTO `team` VALUES (50, 'Seattle SuperSonics', 'West');
INSERT INTO `team` VALUES (51, 'Oklahoma City Thunder', 'West');
INSERT INTO `team` VALUES (52, 'New Orleans Hornets', 'West');
INSERT INTO `team` VALUES (53, 'Portland Trail Blazers', 'West');
INSERT INTO `team` VALUES (54, 'Phoenix Suns', 'West');
INSERT INTO `team` VALUES (55, 'Toronto Raptors', 'East');
INSERT INTO `team` VALUES (56, 'New Jersey Nets', 'East');
INSERT INTO `team` VALUES (57, 'Washington Bullets', 'East');
INSERT INTO `team` VALUES (58, 'Atlanta Hawks', 'East');
INSERT INTO `team` VALUES (59, 'Boston Celtics', 'East');
INSERT INTO `team` VALUES (60, 'Detroit Pistons', 'East');
INSERT INTO `team` VALUES (61, 'Milwaukee Bucks', 'East');
INSERT INTO `team` VALUES (62, 'Charlotte Bobcats', 'East');
INSERT INTO `team` VALUES (63, 'Charlotte Hornets', 'East');
INSERT INTO `team` VALUES (64, 'Cleveland Cavaliers', 'East');
INSERT INTO `team` VALUES (65, 'Indiana Pacers', 'East');
INSERT INTO `team` VALUES (66, 'Chicago Bulls', 'East');
INSERT INTO `team` VALUES (67, 'Washington Wizards', 'East');
INSERT INTO `team` VALUES (68, 'Miami Heat', 'East');
INSERT INTO `team` VALUES (69, 'New York Knicks', 'East');
INSERT INTO `team` VALUES (70, 'Philadelphia Sixers', 'East');
INSERT INTO `team` VALUES (71, 'Brooklyn Nets', 'East');
INSERT INTO `team` VALUES (72, 'Orlando Magic', 'East');
COMMIT;

SET FOREIGN_KEY_CHECKS = 1;
